Text,Sentiment,Type,Author
"I unprofessionally left a very good job due to mental health, I want to write an email apologizing and asking for a reference... Help?",Positive,Title,Leading_Flatworm1897
I’m so depressed - midlife crisis stream of consciousness ,Negative,Title,Momwhoskatessweden
calm after the storm,Positive,Title,artistic-failure
Honored to share that because of Reddit I just set up a display of my Hurricane Helene-inspired art collection in the NC Welcome Center in King’s Mountain! Grateful for this opportunity ❤️,Positive,Title,allaroundartsy
Honored to share that because of Reddit I just set up a display of my Hurricane Helene-inspired art collection in the NC Welcome Center in King’s Mountain! Grateful for this opportunity ❤️,Positive,Title,allaroundartsy
calm after the storm,Positive,Title,artistic-failure
I’m so depressed - midlife crisis stream of consciousness ,Negative,Title,Momwhoskatessweden
"I unprofessionally left a very good job due to mental health, I want to write an email apologizing and asking for a reference... Help?",Positive,Title,Leading_Flatworm1897
