Text,Sentiment,Type,Post URL,Created,Comment Author
"… in 2015 Trump made fun of McCain for being a POW and said he was “not a war hero” and that he likes “people who were not captured.” McCain’s helicopter was shot down and he was held as a POW for years and tortured so severely that he was disabled for the rest of his life. 

In 2016, Trump raised millions of dollars for veterans at a fundraiser, then kept the money until journalists reported that he had not donated the money as promised. He was then ordered by a judge to pay $2 million for deceptive practices related to the event and fundraising. 

Trump’s former chief of staff John Kelly confirmed reports that Trump referred to veterans as “suckers” and “losers” in 2018. 

He also said the Presidential Honor of Freedom was “better” than the Medal of Honor awarded to veterans … because people who receive the Medal of Honor are often disabled or dead. 

Yeahhhhh I don’t know that Trump being less than supportive of veterans is a lie. ",Positive,Comment,https://slate.com/news-and-politics/2024/11/north-carolina-republicans-gop-supreme-court-fail.html,1732309691.0,gingercardigans
"yeah, this is absolute trash.  Whoever came up with this should be sacked, and then the person that said yeah that's a good idea should be sacked also.  They should of kept the Mudcats name or at least if they had to change it go with the Wilson Whirligigs.  At least now I don't have to worry about buying any new merch or jerseys with that name on it.",Positive,Comment,https://i.redd.it/3ez7ivfggi2e1.jpeg,1732306445.0,Victis93
"Well said 😎, this reminds me of the military “good idea fairy” in full effect",Positive,Comment,https://i.redd.it/3ez7ivfggi2e1.jpeg,1732306445.0,21ozSavage
"Lol. Sure, fella.


First off, you got the year wrong. It was 2011, following the 2010 midterms. So your timeline is already incorrect, despite how confidently you said it. Maybe you're just too old to remember. I find it helps to recall that gerrymandering requires control of the state legislature following the 2010 census.


Now as to the other ahistorical bullshit you said...


Democrats were definitely the party of segregation. They were also... extremely conservative here, until after the 1970s. You can track that drift with the presidential elections reasonably well. Actually, throughout the Reagan administration, but they did gradually start moving to the center around that point (though they were still largely conservative).


That gradual drift left was in part alignment with the trends in the national parties, but it also follows the move Jesse Helms made, as conservative Democrats who felt betrayed by desegregation were welcomed into the Republican party. 


That trend continued into the 1990s and 2000s, when the last old school conservative Democrats generally ended up retiring or making the party switch and the traditional southern Democrat voters began to die out. Culminating in 2010, when they lost control of the state legislature.


There, now you don't need to say that goofy shit anymore!",Negative,Comment,https://i.redd.it/ot06olah2qxd1.png,1732295436.0,Kradget
I dont think you can get medicaid unless you're residing in that state... and if you're residing in that state for medicaid you definitely can't get snap from NC. good luck with everything. Our health care sucks.,Positive,Comment,https://www.reddit.com/r/NorthCarolina/comments/1gxc6gy/nc_medicaid_is_trash/,1732293853.0,Wild-Tip9734
"I haven’t had any trouble with Medicaid, except finding a specialist near me in-network because the others are full. It’s a 4 dollar copay for visits and prescriptions. Also, last I checked, NC Medicaid doesn’t cover most dental procedures or at least mine doesn’t. After being chronically ill without healthcare for 10 years, I’m just grateful I’ve got healthcare again. If you don’t like it, move back to New Jersey. And fyi, I don’t think you can have NJ Medicaid and NC SNAP benefits, pretty sure that’s some type of fraud.",Positive,Comment,https://www.reddit.com/r/NorthCarolina/comments/1gxc6gy/nc_medicaid_is_trash/,1732293853.0,LasVegasNerd28
"I'm pretty sure medicaid copays are like $0 at PCP, $4 at urgent care/ specialists. Are you sure the doctors you've seen are in network?

At the risk of sounding like my mother, you sound really ungrateful for the assistance you're getting.",Positive,Comment,https://www.reddit.com/r/NorthCarolina/comments/1gxc6gy/nc_medicaid_is_trash/,1732293853.0,djlauriqua
"My kids are losing Medicaid next month, so I just put them on my insurance. $500/mo and there’s a $2K deductible and copays for everything. 

I definitely feel like we qualify again after paying insurance. 🤦🏻‍♀️ 

I’m grateful that it exists, but I’ve never had it for myself, just minors and it’s been awesome.",Positive,Comment,https://www.reddit.com/r/NorthCarolina/comments/1gxc6gy/nc_medicaid_is_trash/,1732293853.0,Similar-Skin3736
"I’m 32 years old, male, 5’9” tall, 135lbs, in excellent health, non-smoker. My insurance costs $613/month. I pay just as much as someone who is in terrible health, smokes, and weighs 600lbs even though my statistical risk to the insurance market is much lower. This is one of the major issues with the ACA that has never been fixed. While it helped people with preexisting conditions get coverage, folks like me had to suddenly start paying a lot more to subsidize everyone in poor health. I personally believe there should be incentives for people who take good care of themselves (ie. non smokers, not morbidly obese, no drug use), while those who are higher risk should pay a bit more. When I was first starting off in the workforce making $35-40K a year 11-12 years ago, I was paying almost $450/mo for insurance. That was a huge burden and a huge percentage of my overall income. I made “too much” to receive any government subsidy for my insurance plan. 

I take 1 prescription drug. My prescription deductible is $500, meaning I have to pay that out of pocket before BCBS pays $1 towards my medication. Each year the out of pocket expenses go up. I have a large coinsurance limit and the in-network doctors or hospitals I can go to is tiny. This is the “best” Blue Cross ACA-compliant health plan available in Wake County, NC called something like BlueAdvantage UNC. 

A girl that worked at my office as our receptionist 8-10 years ago was on Medicaid. She was 19. Her parents were undocumented. Her dad was in federal prison for drug charges pending deportation upon completion of his sentence. Her boyfriend was a drug dealer. She lived in his house, drove his Charger, and he paid for pretty much all of her living expenses. Even so, she qualified for EBT, Medicaid, and housing assistance because she lied and said she was paying rent. She only worked part time because if she worked full time she would make too much money and get cut off her assistance. One day she tells us that she is pregnant (age 19). From there on until she had her baby she went to the ER weekly. I had to take her one day because she started vaginally bleeding at work and we thought she was miscarrying. Her total cost to go to the ER was $1. NC taxpayers paid her bill. Turned out she had an STD (Trichomoniasis) because her boyfriend had cheated on her, then had unprotected intercourse with her while pregnant. 

Meanwhile, I was 22-23 years old shelling out almost $6000 a year just to pay my insurance premium, working full time, commuting 45 miles each way to work, and yet I made too much money to qualify for any subsidy. My cost to go to the ER would be $500 just for the visit itself, and then I would be billed by each doctor/registered nurse and end up owing $2500+ out of pocket by the time it’s all over. So, while I understand you may feel like you aren’t getting the best benefits, you probably have better healthcare than me or most NC residents who pay thousands of dollars a year for insurance. And, you get it at no cost. How could you get a NJ Medicaid plan while residing in NC and receiving NC SNAP? Don’t you have to claim primary residence in one state? If you don’t mind me asking, why did you move to NC from NJ? Are you able to work? ",Positive,Comment,https://www.reddit.com/r/NorthCarolina/comments/1gxc6gy/nc_medicaid_is_trash/,1732293853.0,Kind-Dot-9807
"I was actually shocked that you would pay anything on Medicaid so I had to look it up. Apparently they can charge a $4 copay for some services. I hope the providers aren't asking you for more than $4. 

https://medicaid.ncdhhs.gov/about-nc-medicaid/nc-medicaid-copays#:~:text=NC%20Medicaid%20pays%20the%20cost,and%20NC%20TBI%20waiver%20programs",Negative,Comment,https://www.reddit.com/r/NorthCarolina/comments/1gxc6gy/nc_medicaid_is_trash/,1732293853.0,lenajoy
"Lots of comments making broad statements on medicaid/medicare but realize it is a vast, complex system. Far from perfect but medicaid expansion in NC has helped so many people. But experiences can vary greatly depending on so many factors.

In my own personal experience of medicaid (my profoundly disabled child has a medicaid waiver) it has been immensely beneficial. It can be difficult to navigate but I am very, very grateful for it.

Those complaining about medicaid should consider supporting strengthening it (research, write to your representatives, advocate, support, etc) rather than tearing it down.",Positive,Comment,https://www.reddit.com/r/NorthCarolina/comments/1gxc6gy/nc_medicaid_is_trash/,1732293853.0,Carolinamum
"I've gone through SO many dentists who just decide to stop taking it.  And calling new dentists on the DHHS list often say ""oh we don't take Medicaid anymore"" I'm beyond frustrated. And my eye doctor stopped too.",Negative,Comment,https://www.reddit.com/r/NorthCarolina/comments/1gxc6gy/nc_medicaid_is_trash/,1732293853.0,cacecil1
As someone who lost Medicaid as their primary and now has Medicare as their primary I miss Medicaid. I have co pays on everything now. I can’t get dental care or vision care hardly. I can’t get reproductive care at all.,Negative,Comment,https://www.reddit.com/r/NorthCarolina/comments/1gxc6gy/nc_medicaid_is_trash/,1732293853.0,presleytaylor
Honestly Medicaid would be so bad if they actually paid for things and didn’t ask the need to do it,Negative,Comment,https://www.reddit.com/r/NorthCarolina/comments/1gxc6gy/nc_medicaid_is_trash/,1732293853.0,KimberlyPisces
That’s not fair either that’s another reason my mom said nc not helping and sadly it’s the ones from up north changing things,Negative,Comment,https://www.reddit.com/r/NorthCarolina/comments/1gxc6gy/nc_medicaid_is_trash/,1732293853.0,KimberlyPisces
"Seriously. I had to have oral surgery this year. I have good medical insurance and the best dental my company offered. I still paid essentially everything out of pocket - $2,800. I am beyond flabbergasted at how ungrateful OP is",Positive,Comment,https://www.reddit.com/r/NorthCarolina/comments/1gxc6gy/nc_medicaid_is_trash/,1732293853.0,djlauriqua
"I’m in nc and my minor kids have had great coverage with Medicaid. It sounds like adult Medicaid is what you’re dealing with. 

I’m just offering my experience with Medicaid. I am grateful for the $10k/year we’ve saved having this insurance for my kids.",Positive,Comment,https://www.reddit.com/r/NorthCarolina/comments/1gxc6gy/nc_medicaid_is_trash/,1732293853.0,Similar-Skin3736
"Always call and ask before any appointment if Medicaid covers it, if anything will be out of pocket.   There's always something Medicaid does not cover.  Like I just looked this up as to what is not covered -

""Chiropractic treatment unrelated to the treatment of an incomplete or partial dislocation of a joint in the spine""

Should have been a $4 payment for that visit, I would think if covered by Medicaid....  If you have your insurance card with you, most will say what copayments should be, would show it at the doctor office.

I would think the chiro office would have told you why they were charging you $50 and not $4.",Positive,Comment,https://www.reddit.com/r/NorthCarolina/comments/1gxc6gy/nc_medicaid_is_trash/,1732293853.0,KnownSection1553
"That is a very fair point and I appreciate you bringing it up.

I should have added people need to vote for candidates that support healthcare as a basic human right. I lived in the UK for a few years and while their system is also not perfect I believe universal healthcare is the best option.

I am not mad at anyone for trying to access healthcare… but I am frustrated at people in my life who rely on it but vote for candidates that want to take it away. 

I am presently worried about medicaid ending and a feeling a little over protective of it. It is not perfect but I would far rather have it than nothing.",Negative,Comment,https://www.reddit.com/r/NorthCarolina/comments/1gxc6gy/nc_medicaid_is_trash/,1732293853.0,Carolinamum
"People on NC Medicaid pay nothing to go to the doctor, hospital, dentist, for prescriptions, etc. I pay $600 a month for a private Blue Cross Blue Shield plan and that doesn’t cover dental or vision, and my cost to go to the hospital is $500 + I’ll be billed by each doctor I see. I can only go to UNC affiliated hospitals. The list of doctors in-network is small. She is paying nothing for insurance, nothing to go to the doctor or dentist or optometrist and then complains it isn’t as good as her Medicaid plan was in NJ.  Personally I wish people like this were not eligible for assistance. If you are already on assistance programs in a different state you shouldn’t be able to just move to a new state and become a burden on taxpayers there. She also freaking voted for Trump who wants to end Medicaid completely. I feel no sympathy for her. 

Medicaid should be reserved for those who cannot work due to a legitimate disability, a short term solution for when someone loses their job and can’t afford to pay their insurance plan anymore, or people who are just starting out in the workforce and don’t earn enough money. That’s about it. I do believe in some ways a large number of people are incentivized to either only work part time low wage jobs OR not work at all because they know they can get assistance from the government. There are people who truly deserve to receive Medicaid, SNAP, etc. but I have seen myself too many folks who abuse the system. Meanwhile those of us who work full time jobs and barely scrape by are not eligible to receive any subsidies for anything. ",Positive,Comment,https://www.reddit.com/r/NorthCarolina/comments/1gxc6gy/nc_medicaid_is_trash/,1732293853.0,Kind-Dot-9807
Pretty confident medicaid does not cover root canals. Medicaid will cover an extraction.,Positive,Comment,https://www.reddit.com/r/NorthCarolina/comments/1gxc6gy/nc_medicaid_is_trash/,1732293853.0,Unfortunate-Incident
"Looks like they recently were or almost fired from their job, too. Wait until she finds out about the work requirements and cuts coming for Medicaid. Oof. Shooting your self in the foot, OP, and then complaining it hurts.",Negative,Comment,https://www.reddit.com/r/NorthCarolina/comments/1gxc6gy/nc_medicaid_is_trash/,1732293853.0,code-day
">I do believe in some ways a large number of people are incentivized to either only work part time low wage jobs OR not work at all because they know they can get assistance from the government. There are people who truly deserve to receive Medicaid, SNAP, etc. but I have seen myself too many folks who abuse the system. Meanwhile those of us who work full time jobs and barely scrape by are not eligible to receive any subsidies for anything.


I mean, yeah. That's the trap of welfare programs. You have people that are already in bad spots and then they get insurance, food assistance, whatever else. Then you tell them that if they make too much, they lose everything. Yet what they'll make isn't enough to get by, and they'd have no safety net. If you're an unwell person, but not enough to be disabled, you're in a bad spot. But in general, the system is set up so you're disincentivized from trying to make anything better.


Of course it sucks that some people abuse the system, but a lot of people don't. I'd rather a handful abuse the system and everyone gets care they need than to have a system that is too strict and leaves out some that need it. And you're more likely to notice those who abuse it and remember them than you are to notice those who do need it.


You should be far more angry at the leaders who allow those with full time jobs to still barely scrape by than you are at some people abusing the system.


That's not to say though that you shouldn't be angry with the OP. As you say she voted for trump and then is bitching about the quality of the service that'll probably be decimated due to people like her. I'm also angry at that. Trump is about to pull the rug out from a lot of people and it's gonna suck for everyone. ",Negative,Comment,https://www.reddit.com/r/NorthCarolina/comments/1gxc6gy/nc_medicaid_is_trash/,1732293853.0,GhostDog41
"It’s bad. To have some of the best hospitals and med schools in the nation, our healthcare system is an absolute nightmare. Doesn’t help that medical monopolies like Cone Health & Novant are running our hospitals into the ground. Doesn’t help that Republicans have fought tooth and nail to keep NC from expanding Medicaid since ACA was passed. Only in the last year or two have non-disabled, non-elderly, childless adults been given access to Medicaid.",Negative,Comment,https://www.reddit.com/r/NorthCarolina/comments/1gxc6gy/nc_medicaid_is_trash/,1732293853.0,JohnnyPotseed
Oh girl. You get SNAP and Medicaid and you support Trump? You can kiss your benefits goodbye. They plan on gutting Medicaid and the SNAP program.,Positive,Comment,https://www.reddit.com/r/NorthCarolina/comments/1gxc6gy/nc_medicaid_is_trash/,1732293853.0,MarginalMedusa
"Not quite there. Root canal isn't exactly preventative, it's repair work basically. They cover most of the preventative stuff - cleanings, root scaling, xrays (may not cover the panaromic xrays). They cover fillings. But yeah, if you have a tooth that is past just a cavity, then medicaid only pays for extraction. If you have a lot of bad teeth and you are on medicaid, it won't be long and you won't have any teeth!",Negative,Comment,https://www.reddit.com/r/NorthCarolina/comments/1gxc6gy/nc_medicaid_is_trash/,1732293853.0,Unfortunate-Incident
"Not cutting, but giving more free reign to the big insurers with it. So could be good for some, bad for others. Medicaid is definitely getting cut/harder to access.

Medicare could see things like reductions on regulations that govern maximum out of pocket expenses, etc. So if you are healthy, low utilizer, you may see better/stable prices, but if you have a chronic condition, the insurer could and will likely make it more expensive for you under a deregulation scenario.",Negative,Comment,https://www.reddit.com/r/NorthCarolina/comments/1gxc6gy/nc_medicaid_is_trash/,1732293853.0,code-day
"The comment about root canals not being covered and being considered cosmetic is not accurate. It is true that Medicaid in NC is very basic. Dental Medicaid from my understanding only covers a few things. On the providers’ side, Medicaid is very challenging because overall in my field they only reimburse between 15-20% of our fee. Our overhead on most procedures is 50% so that would mean we are actually losing money by accepting such a low reimbursement. It is a bad system for everyone and it needs to be addressed. I am sorry for your experience. I would encourage you to write to your NC congresspeople because a huge portion of the state is on Medicaid and those are their constituents.",Negative,Comment,https://www.reddit.com/r/NorthCarolina/comments/1gxc6gy/nc_medicaid_is_trash/,1732293853.0,chrisa77536
"I guess you just to not get the fact that some politicians love the fact that it does not work, they do not want it to work for you, because then it can just go away I guess? I mean if it does not work right, why fix it? it must just not be able to to work right at all? I guess I do not get that mentality and think we should demand better. There are people that depend on that help and have no other choice for Medicaid. Some want Government to fail so people think it is so bad why let them do it at all, you don't see that? It is not that Government can not do this stuff right, it is that they do not want to, and hope you will do exactly what you are saying.",Negative,Comment,https://www.reddit.com/r/NorthCarolina/comments/1gxc6gy/nc_medicaid_is_trash/,1732293853.0,jsdeprey
"you are responding to my comment about private insurance. that has nothing to do with the state, it is not trust money. its private money not public tax payer funds. the only people who benefit from it are those who pay into the insurance fund - in this case my employer on my behalf

now when it comes to my taxes - I am happy to pay into the medicaid funding and believe it is my responsibility, even though I do not qualify for medicaid myself.  however, there isn't enough in the fund to pay 100% for everybody on medicaid. I hiopew you realize that there are many on medicaid who have more access to healthcare than people who are on private insurance. they make too much to qualify for medicaid, pay high premiums and have high deductibles that mean they pay hundreds of dollars a month for coverage they can't afford to actually use.",Positive,Comment,https://www.reddit.com/r/NorthCarolina/comments/1gxc6gy/nc_medicaid_is_trash/,1732293853.0,Vladivostokorbust
"Thank you for explaining this from the provider’s side it helps to see the bigger picture. I didn’t realize how low the reimbursement rates were for dentists and how much that impacts their ability to take Medicaid patients. It sounds like the system really is failing everyone, both patients and providers.

I agree that it needs serious reform. Writing to NC congresspeople is a good idea because so many people rely on Medicaid, and it’s clearly not working as it should. I just wish there was more transparency and balance so that patients could get the care they need without it being a financial loss for providers. Thanks for sharing your perspective, and I’ll definitely consider reaching out to make my concerns heard.",Positive,Comment,https://www.reddit.com/r/NorthCarolina/comments/1gxc6gy/nc_medicaid_is_trash/,1732293853.0,KimberlyPisces
"Thanks for being a voice of reason. 

I said the same thing to my side when they flipped out four years ago. I said guys....we lost Georgia....we would need to flip multiple states including Georgia. Let's move on please.",Negative,Comment,https://www.reddit.com/r/NorthCarolina/comments/1gxax6f/tell_the_nc_board_of_elections_to_move_forward/,1732290692.0,Accelerating_Alpha
"Couldn’t agree more with you. I joined this sub shortly after Helene hit and as the election got closer the posts like this were near constant. I may have voted for Harris but I accept she lost. It is what it is and I’d rather see more of the beautiful parts of this state than keep hearing the same themes over and over again. We get it. Some of us are not happy with how this election turned out, I understand that, but with the electoral college wins he had one state won’t make much difference.",Negative,Comment,https://www.reddit.com/r/NorthCarolina/comments/1gxax6f/tell_the_nc_board_of_elections_to_move_forward/,1732290692.0,blackoutroses
"I really want this bluanon stuff to stop. We lost. We were set to lose like *literally* every other incumbent party worldwide since Covid. Inflation is a worldwide issue right now and we just recently came out of a global pandemic that killed millions.

People wanted change from the incumbents and that headwind was essentially impossible to beat no matter who the candidate was.

We need to recognize this, look at why some demographics are moving away from the Democratic Party, start our messaging *now*, not in 2026 as we hit election season. Start engaging people *now*, and get away from the idea of “policy advisors”. Find candidates who don’t need advisors to tell them what they believe on a topic and aren’t afraid to acknowledge if a topic is outside their expertise. THAT is how we start to get things back, because Trump is going to fuck shit up again, and people will be angry at him again.",Negative,Comment,https://www.reddit.com/r/NorthCarolina/comments/1gxax6f/tell_the_nc_board_of_elections_to_move_forward/,1732290692.0,Baelzabub
"I'm generally with you, except a *recount* is explicitly to go back through all the votes when an election is too close to call or there is significant margin of error.  In this election Trump, sadly, won by a large enough margin that a *recount* makes no sense.

There are some voting anomalies and issues that I think deserve a potential audit of the process (a forensic review).  That wouldn't change any outcome but could restore faith in the institution of voting.  

My biggest issue with Trump has been how he has not just attacked his opponents, but has sown the seeds of distrust about anything government systems to the point where people must trust in Trump alone because they are now looking to see issues in the systems and processes that prove, ""Yeah, he was right and we shouldn't trust it.""

The institution of voting is a cornerstone of American democracy and is the primary way we, as citizens, can get our voices heard. Sowing distrust in this cornerstone is one of the ways Trump has caused damage to the US democracy for the foreseeable future. 

>I don’t believe a recount will change anything and I don’t support this petition, but it seems far more levelheaded than the previous runners up

I have no idea what the next four years hold and have been concerned with what a second Trump term could mean. The cabinet picks, the Supreme Court potential transitions, and longterm damage these years could do to US institutions is hugely disturbing.  I work in education grants, for example.  Our work is funded through DoE.  The likelihood of dismantling that office is a thing now and is quite concerning.",Negative,Comment,https://www.reddit.com/r/NorthCarolina/comments/1gxax6f/tell_the_nc_board_of_elections_to_move_forward/,1732290692.0,NameIdeas
"If you didn't vote for Harris you did. If you're taking up for Republicans for whatever reason, then I guess you're not as dedicated as some of us. They're the reason we're in this situation. They rallied around him  with felonies, an insurrection & being guilty of sexual abuse.

I think people hated him enough to vote against him in 2020 but not enough people believe in a woman of color as president. I also think the media did a good job of brainwashing poor & uneducated people. On the other side, Morning Joe made me feel pretty damn confident. 

I mean, he's arguably the biggest scumbag celebrity outside of prison. To think he was popular enough to win against the campaign she had. The support from Taylor Swift & Bad Bunny. All that energy that disappeared at the last minute. 

If Elon Musk, the hacker with satellites in space, wasn't so directly involved in this election, I'd agree with you. He's literally the richest man in the world & they said you wouldn't have to vote this time or ever again.",Negative,Comment,https://www.reddit.com/r/NorthCarolina/comments/1gxax6f/tell_the_nc_board_of_elections_to_move_forward/,1732290692.0,TableQuiet1518
"Your second 2 paragraphs are exactly what I said. Unpopular candidate and messaging=people not showing up. If messaging has nothing to do with who wins why did trump make massive gains with minorities, young men, and in democrat safe states? Because he messaged and appealed effectively to them, and the democrats did not, it ain’t all about money spent, but it definitely is about messaging.

That’s the difference in energy, combine that with a bad economy and Trump having a clear and radical message on the economy. People are feeling the bad economy and trump is promising to buck the whole thing. 

Honestly I think most of it is just being seen as the candidate of “change” ever since 2008 people have wanted a massive change, and the candidate that promises that has won each election, we’ll see if trump fulfills his promises as the change candidate and then if those changes are positive… I have my doubts but hopefully they will be.",Negative,Comment,https://www.reddit.com/r/NorthCarolina/comments/1gxax6f/tell_the_nc_board_of_elections_to_move_forward/,1732290692.0,Flygonac
"Said it a hundred times. 

We have been groomed to think we have to be “right” to prove our intelligence. It’s the new generations being taught to tests and never taught critical thinking and constant social media loops. 

Now we have a group of people who cannot say “I was wrong.” 

The cognitive dissonance is going to get worse. To admit they were wrong breaks their reality they’ve built for their worldview and they’d have a mental breakdown or worse. 

It’s co-workers who escalate small issues and refuse to acknowledge how foolish they look, it’s neighbors who think being a jerk is the only way to be “within their rights for their property” and on and on. 

They voted for trump because they hate gays and trans people, and a good portion of them hate Mexicans and black people too but can hide mostly behind trans rights because that’s what’s hyped in the media right now. 

It’s THAT SMALL. Then somehow, republicans convinced people that Biden was to blame for the post-pandemic inflation after trump refused to do anything to help prevent it, causing it to get exponentially worse, then handed out trillions. The fact that it works proves my point. Those that hated trans-bathrooms suddenly had to agree that Biden caused the inflation immediately after trump left office or else they’d have to say they’ve been wrong this whole time. So that became a talking point almost overnight. Suddenly it was Bidens fault that prices on everything went up. 

THEN, republicans said that they’ll fix all this without providing a reason or a method for how they’ll do it. And their followers had to go along with it or admit they’re wrong. 

You and I can see it and realize it’s fucking nuts and doesn’t even make sense. But they won’t. They’ll never be able to do it without someone getting in their face and visibly upsetting them and breaking the reality they’ve crafted for themselves. Cutting off family members is the best medicine they can get. And it still might not be enough.",Negative,Comment,https://www.reddit.com/r/NorthCarolina/comments/1gxa1dm/coworkers_constantly_complain_about_dmv_schools/,1732288364.0,_Deloused_
"I can't say whether or not he has used those words, but he has had more than a sip of the Nazi koolaid for sure. He has yet to hold elected office though, despite his, uh, best efforts? My impression of Kanye is he's been spiraling from mental health crisis to mental health crisis for a good chunk of his life, which has led to some batshit behavior and proclamations, including his (recentish?) drift towards the different type of insanity that is the far right, but I've never paid much attention to him, even when he was slightly more normal. 

Seems like Robinson really is a morally bankrupt piece of shit thru and thru. The forum posts make it pretty clear that long before he was a stain on the state, he was a skid mark on underwear that have been worn for two weeks straight. I know we like to tell people to touch grass, but if this is what happens when the brain rotted weirdos on porn forums breathe fresh air, let's just keep them busy posting.",Positive,Comment,https://www.wral.com/story/karen-brinson-bell-sen-berger-your-baseless-claims-of-wrongdoing-put-election-workers-in-danger/21734148/,1732280494.0,curious-trex
Carolina Hurricanes tickets — go to for the weekend - the art museum - good food and a game. Unlike other arenas - Canes fans tailgate before a game - which is a ton of fun.,Positive,Comment,https://www.reddit.com/r/NorthCarolina/comments/1gwpy45/experience_gift_for_5560_year_old_parents/,1732222248.0,glitterandjazzhands
">Karaduman said they will also be getting attorneys to take a closer look at their NDAs to get a better understanding of why parents may be worried about signing.  
  
Truly a mystery for the ages",Negative,Comment,https://www.reddit.com/r/NorthCarolina/comments/1gwj30s/she_was_embarrassed_charlotte_mom_says_she_was/,1732205942.0,NedThomas
"My guess is that the kid who cut the braid off, their parents are loaded and big donors to the school. Don't want to upset their meal ticket.",Negative,Comment,https://www.reddit.com/r/NorthCarolina/comments/1gwj30s/she_was_embarrassed_charlotte_mom_says_she_was/,1732205942.0,ediciusNJ
">The basis of my statement is that some Dems wants schools to act as a corporation whose purpose is not education and protecting the students; it is to maximize efficiency and protect (litigiously) its own interests… in this case by requiring the parent to sign an NDA rather than acting on the behalf of the harmed little girl that is having a life changing event such as gender transformation.

Exactly. Thank you for doing all the hard work for me!

Also, were you able to find a source, like I asked, where the GOP or even someone in the GOP said the NDA was a good idea and hiding information was smart? 

[i was able to find several sources for it about Dems doing it: LA](https://www.losangelesblade.com/2024/09/10/chino-valley-school-district-gender-notification-policy-blocked-by-san-bernardino-county-superior-court/)

[another one](https://www.conejoguardian.org/2023/04/25/cvusd-transitioning-kids-genders-in-secret-school-leaders-hide-facts-from-parents-teachers-face-inquisition-gag-orders/)",Positive,Comment,https://www.reddit.com/r/NorthCarolina/comments/1gwj30s/she_was_embarrassed_charlotte_mom_says_she_was/,1732205942.0,Wildcard311
"They'll get sued for cutting the girl's hair, but the NDA thing is dumb.  The damages are that they harmed the little girl and embarrassed her in front of her classmates.  The NDA issue is that they're worried about the teacher saying the wrong thing which is just too bad.  If they had a good reason, the NDA wouldn't be needed.",Negative,Comment,https://www.reddit.com/r/NorthCarolina/comments/1gwj30s/she_was_embarrassed_charlotte_mom_says_she_was/,1732205942.0,rexeditrex
"Very good reputation, deals with insurance company for you, and is showing up in an incredibly busy disaster time frame. Sign already before he books someone else and you end up waiting until January to start.",Positive,Comment,https://www.reddit.com/r/NorthCarolina/comments/1gwfm9g/wnc_hurricane_rebuild_is_25_general_contractor/,1732193750.0,dixiebelle64
"Insurance is only going to allow 10% overhead and 10% profit on the total in NC and are not required to give more. Why isn’t the contractor just reviewing the insurance quote and working off of that number if it is reasonable. 

I just had trusses built and shipped in a week after approved by a structural engineer. My sister lives in Fletcher and has around $100k in damage. 

If you want a second opinion, shoot me a DM, I’d be happy to look it over for you. All the best!",Positive,Comment,https://www.reddit.com/r/NorthCarolina/comments/1gwfm9g/wnc_hurricane_rebuild_is_25_general_contractor/,1732193750.0,Flatwhlbkr
"Good luck with that in WNC. Getting 1 quote is amazing, 2 or 3 unheard of over here. Folks usually only get 1 choice, the only contractor who gave them a quote. Been this way for many years, well before the hurricane. And they ALWAYS charge well above any 'going rate' in other parts of NC, because they're all just 'so good' with all that experience. Then they show up with unskilled, unqualified lumpers and work from 10am to 4pm if that, taking a healthy hour+ for lunch, because 'the drive up the mountain takes them so long.'. Load of crap if you ask me.",Positive,Comment,https://www.reddit.com/r/NorthCarolina/comments/1gwfm9g/wnc_hurricane_rebuild_is_25_general_contractor/,1732193750.0,Username28732
"I'm from South West FL and this is more or less how it goes after a storm.  There is so much work to be done everyone can charge a premium and they grab the low hanging fruit first.  

I'd definitely try to get another quote from another reputable contractor before committing.  However, if you're confident in this contractors reputation and ability to execute, 5% over the typical range, to me, doesn't seem insane.  Especially if they will negotiate with the insurance company for you, just make sure they do this so you're not holding the bag at the end.  

I'd focus on minimizing your out of pocket.  Saving the insurance company a few bucks is not going to keep them from dropping you or hiking your rates.",Positive,Comment,https://www.reddit.com/r/NorthCarolina/comments/1gwfm9g/wnc_hurricane_rebuild_is_25_general_contractor/,1732193750.0,No_View247
"Right down the road from you, man. I know the situation unfortunately. Good luck to you. 

Also 25% is pretty high imo. As you said, 10-20% is standard",Neutral,Comment,https://www.reddit.com/r/NorthCarolina/comments/1gwfm9g/wnc_hurricane_rebuild_is_25_general_contractor/,1732193750.0,yourdoglikesmebetter
"Even if your Representative or Senator voted in favor of SB 382, you should still contact them directly to tell them how you feel about their vote in favor of the bill as well as what they should do in terms of the likely upcoming veto. Probably won't change their vote since most of them aren't representative of their constituent interests, but it doesn't hurt.

I drafted the letter below that you can use as a template to email/write your elected representatives.

  
Dear \[Senator/Representative\],

I am writing to express my strong opposition to your vote in favor of Senate Bill 382 (SB 382). As a constituent of North Carolina, I believe this legislation will have detrimental effects on our state, and I urge you to reconsider your position on this matter.

SB 382, in its current form, does nothing other than consolidate power into a single branch of government, stripping our state and it's citizens of the checks and balances protected by the North Carolina constitution. Additionally, while the bill purports to provide additional disaster relief to Western North Carolina, it does not provide nearly enough for relief efforts. Realistically, the bill appears to be a cover for the outgoing legislature to strip power from the incoming elected Governor under the guise of providing relief efforts to Western North Carolina.

I understand that you may have voted in favor of this bill for reasons that you believe align with the best interests of North Carolinians. The long-term consequences of this legislation are troubling, and I believe it runs counter to the values and priorities of many of your constituents, including myself.

I respectfully ask that you reconsider your support for SB 382 and stand with the people of North Carolina who are concerned about the impact of this bill. I trust that you will take the concerns of your constituents seriously and act in their best interests, as you have sworn to do.

Thank you for your time and consideration. I hope that you will continue to represent the voices of those who elected you, and I look forward to hearing your thoughts on this important issue.",Negative,Comment,https://www.reddit.com/r/NorthCarolina/comments/1gwfhll/callemail_these_3_wnc_reps_today_and_tell_them/,1732193331.0,jmbusch
"I added all three names to an email for a paper trail and here is what I wrote - 

Subject: PLEASE VOTE NO ON VETO OVERIDE for SB382

Message: 

Good morning Karl, Mark & Mike,

Predictably, they are trying to USE YOU to steal power from our ELECTED Governor with this poison pill bill under the guise of ""hurricane relief."" If members of the GOP truly want to help Western NC they will do it in a straightforward way - not with this backhanded stall tactic.

Please stand firm and vote NO as many times as it takes and THANK YOU for helping save our democracy.",Neutral,Comment,https://www.reddit.com/r/NorthCarolina/comments/1gwfhll/callemail_these_3_wnc_reps_today_and_tell_them/,1732193331.0,ScaryGamesInMyHeart
"There's hope they won't vote to overturn the veto:  

https://ncnewsline.com/2024/11/20/nc-legislature-hurricane-relief-bill-power-shift-from-democrats/

Three House Republicans opposed the bill Tuesday: Majority Whip Karl Gillespie (R-Macon), Rep. Mike Clampitt (R-Swain), and Rep. Mark Pless (R-Haywood). All represent districts in western North Carolina.

“The bill appears to do nothing for western NC,” Pless wrote in a statement Wednesday. “There were so many issues being addressed in the bill it was impossible to gain an understanding of what the bill will do across NC. I am not going to vote yes unless I can understand and agree with what the bill does.”

Pless also said he was upset with the lack of process around the 131-page bill, noting that he did not have the opportunity to review it until Tuesday morning.

He added that he is unsure how he would vote on an override of a potential veto from Cooper and will “read and study the bill” further in the interim.

“I will make that decision when the time comes to cast my vote on the override,” he wrote.",Negative,Comment,https://www.reddit.com/r/NorthCarolina/comments/1gwfhll/callemail_these_3_wnc_reps_today_and_tell_them/,1732193331.0,lynchpinbob
"I moved from SC to NC last year. FWIW, right or wrong, here's what I did. I had gotten married and moved, so I got my driver's license updated. That was Dec 1. My SC insurance was good through Dec 30, so literally the day before/day of I had it transferred to NC, keeping the same company. Yes, I procrastinated lol. That week I updated my car registration to NC and then turned in my SC plate. 

It worked for me and no one at the DMV or registration office said anything if I did it wrong. 

I feel like NC could improve their website to have all the steps and forms laid out clearly. I think SC is a little better at that.",Positive,Comment,https://www.reddit.com/r/NorthCarolina/comments/1gw6weq/nc_dmv_policy_makes_me_violate_sc_dmv_policy/,1732160064.0,sirenella4
"What if they like... couldn't afford it? I'm sure you'd say something like, ""then they shouldn't own homes,"" but rent costs as much as a mortgage (if not more) now. The rest is assuming that they have somewhere to go and/ or people who will support them, but plenty of folks have neither. To put it into perspective, imagine inheriting a grandparent's home and not having the money to insure it. You own it, but there's not much you can do about that piece. Then, a hurricane does massive damage in an extremely unlikely region, and you're screwed. The government sets aside a fraction of what they hand out to banks and corporations for bailouts/ tax cuts for rich people/ general acts of violence, and you get to use that, but people are mad about it... why? Like I get that it's some weird selfish ego thing (like with student loan forgiveness), but dang. God forbid you ever need help and someone who DOESN'T leaves a salty comment about how they're being punished and they don't think they should have to contribute at all to the society they live in.... do you see why your comments are getting downvoted to hell?
Gratitude will get you much further. Be happy you don't need the emergency funds and keep it pushing.",Positive,Comment,https://www.wral.com/story/north-carolina-s-hurricane-rebuilding-director-no-longer-employed/21732398/,1732152132.0,Going_Neon
"If you've experienced a true surprise of an emergency and have no money and you absolutely need gas for whatever reason/ I do have money for it, my sibling in Christ, I'll fill that tank up. I care enough about humanity that I'm not under the illusion that money is somehow worth more than people, and I find it odd that you assume I wouldn't.... Tbh, it's actually super weird that you're mad about *checks notes* people whose homes were destroyed in a natural disaster (the likes of which have not been seen before in that area maybe ever), but have fun being miserable, I guess?",Negative,Comment,https://www.wral.com/story/north-carolina-s-hurricane-rebuilding-director-no-longer-employed/21732398/,1732152132.0,Going_Neon
"Since when is having flood insurance for a house in the mountains, where flooding is usually not a big concern, a basic thing? Like, would you consider flood insurance for a house in the desert to be standard? An entire region's worth of people's homes got destroyed. Not beach houses or yachts or whatever excess things you're thinking they have. These are regular people. What is your expectation here? Are families who lost their homes just supposed to go crawl under a rock, or-? 
Plus it's not like any of this is a regular thing. Emergency funds are for emergencies. This was a huge emergency. What's basic about any of this?",Negative,Comment,https://www.wral.com/story/north-carolina-s-hurricane-rebuilding-director-no-longer-employed/21732398/,1732152132.0,Going_Neon
He lost one of his hearing aids in Kamala's crack.  Has to try and retrieve it before she pawns it.,Negative,Comment,https://andersonalerts.substack.com/p/with-cooper-out-of-state-robinson,1732133415.0,clutthewindow
"This is good .... being in a Hurricane state we know that sometimes, not all ... sometimes when Hurricanes come through it will effect the gender of a person making them different.  We need mental health hospitals for people that suffer from these Hurricane symptoms!",Positive,Comment,https://www.reddit.com/r/NorthCarolina/comments/1gvyddv/free_mental_health_supports_for_all_teens_in/,1732132090.0,Naamiiz
"Yes I'm from Asheville. I've lived in Asheville all my life. Everything I know is in Asheville. It is so beautiful and there's so much to love. It hurts to see the destruction. 

Right now I'm in Charlotte. I got approved for a temporary hotel room thru FEMA and a little over a week after being here is when my car broke down. 

I think that's why I feel so isolated and alone sometimes. I'm somewhere where I don't know anyone and I'm homesick.

But yes it did help A LOT to vent some and just to have a lil bit of interaction with other people too. 

Thank u!",Negative,Comment,https://www.reddit.com/r/NorthCarolina/comments/1gvy9zi/im_losing_my_fcking_mind/,1732131857.0,No-Double-6034
"Look - I’ll be honest bro. I am going through something too. It sucks, and I am really positive generally and try so hard to avoid the darkness that comes with negativity.

Let me point something out - and I hope would help you. 

“I luckily have my TV and my cellphone but I’m starved for face to face contact.” 

Remove that “but”.

“I luckily have my TV and cellphone.” There. Imagine if your TV broke right now, and your phone bill was 2 months behind and now you can’t use it. I’m not saying “be grateful because someone is dealing with worse”, I AM saying “Stop putting yourself in the headspace of someone who IS dealing with worse.”

But the biggest one, “They did tell me they would hold it for me, *but* until I am able to meet them and sign the lease I’m gonna continue to stress myself out more and more.” 

Where is the logic in this? If you’re this stressed out:

1. You’re being unreasonable to yourself in your situation - it’s should not in your hands, especially if it’s only to think and come up with negative situations.

2. There’s something you know you can do and aren’t doing it.

I trust that it’s #1 - in which case, again, where’s the logic? 

We all know it’s not logical and you can’t control how you feel sometimes, but look. You’re in a position where you’re in a warm bed - you have us internet strangers to rant to. Do you want to play a mobile game together? I got you man. 

Life fucking sucks a lot sometimes and is unfortunate and I’m sorry bro. But everything you’ve said, you’ve done your hardest to find that “but” and genuinely I think you’re being too hard on yourself for a situation that seems to be out of your control for now.",Negative,Comment,https://www.reddit.com/r/NorthCarolina/comments/1gvy9zi/im_losing_my_fcking_mind/,1732131857.0,Mozilla11
That's why I said that was the lucky outcome.,Positive,Comment,https://www.ncsbe.gov/news/press-releases/2024/11/19/state-board-meeting-november-20-2024,1732124883.0,Sororita
"I took printouts of the DMV website with me.  They still got pissy with me about maiden name and wanted me to leave. I whipped out my passport and she got pissy about that. “Why didn’t you tell me that you had a passport?” Because it wasn’t required per your website lady. They’re the most miserable people in NC. When we moved here in 1996, my spouse was continually amazed by how friendly everyone was…until he went to the DMV.",Negative,Comment,https://i.redd.it/d4wtt34nh22e1.jpeg,1732113137.0,Ok-Tailor-2030
"I had the opposite.  I showed up with all the right documentation, and some backup just in case.  They didn't look at everything the website said was required. 


Not sure if the site is bad or the understanding of the employees.  But the inconsistency is an issue.  I suspect it's employee training.",Negative,Comment,https://i.redd.it/d4wtt34nh22e1.jpeg,1732113137.0,sin-eater82
"I tried to update my address online before the election, just in case I had an issue at the polls. I received a letter in the mail from the NC DMV that said that I had to come in to a DMV office because the vendor rejected my picture or signature and they needed a new one to print my ID.

I thought it would be a good time to get my Real ID too. So I grabbed everything I thought I would need (plus some) for both the change of address and Real ID. Current NC driver's license and the temporary printed from online, birth certificate, NC voter ID,  social security card, a dependent photo ID from DoD, utility bills, vehicle registration with my name and current address, and the letter from the DMV. 

They took one look at my birth certificate and wouldn't issue a Real ID because all my other documents had my married name, my birth certificate had my maiden name, and I didn't have my marriage license to show the legal name change. I've been married for 20 years and all of my other government issued documents (state and federal) contained my married name. It just didn't occur to me that I needed to prove the name change this many years later. I left without getting my Real ID.",Positive,Comment,https://i.redd.it/d4wtt34nh22e1.jpeg,1732113137.0,katanne85
"I lost my passport in Barcelona, so I went to the consulate and 45 min later I’m walking out with a brand new passport that’s good for one year, and since I already paid them, it cost nothing to renew for the full length after it was up. 

Shits easy anywhere other than the US",Negative,Comment,https://i.redd.it/d4wtt34nh22e1.jpeg,1732113137.0,cuj0cless
THIS. goddamn people...a lot of us are literally afraid for our lives for the next 4 years. I don't have the time or energy to look forward. ugh. I know for a lot of people the next 4 years is same ol' same ol'. but their lives are not under threat. It hurts.,Negative,Comment,https://www.reddit.com/r/NorthCarolina/comments/1gvqqmy/do_you_see_jeff_jackson_running_for_senate_in_2028/,1732112953.0,rebeccasometime
">The vote passed the House 63-46 late Tuesday. The state Senate is expected to approve the bill on Wednesday. If it passes the chamber, it would go to Democratic Gov. Roy Cooper, who could approve it, veto it, or let it pass without signing it.

>The bill has skipped typical processes for debate and committee-level vetting, **being released to the public just minutes before Tuesday’s session began**. Republican leaders in the House and Senate met in secret to hammer out the details ahead of the vote.

- Multiple changes in the bill would limit the power of the attorney general, such as banning the office from taking stances in court that don’t align with the opinions of state legislative leaders, and banning the office from automatically being allowed to advocate for customers at the state commission that oversees Duke Energy and other utilities.

- It would also enact a new strategy to strip the governor’s control over the State Board of Elections — a goal state Republican leaders have been chasing for nearly a decade, only to be repeatedly thwarted by voters and state courts. And it would eliminate state commissions on energy policy and school safety that are led by offices currently held by Republicans, the lieutenant governor and superintendent of schools, in offices Democrats won the elections for this year.

- The first 12 pages of the 131-page bill deal with Helene recovery efforts. The rest is dedicated to unrelated provisions.

- Some of the unrelated changes included in the newest Helene bill Tuesday would:

- Create new judicial positions to be appointed by the legislature instead of being elected, like most judgeships in North Carolina are. It’s a strategy lawmakers began last year to ensure more Republican judges are in office around the state.

- Eliminate the Wake County judicial seat held by Superior Court Judge Bryan Collins, a Democrat who ruled against GOP lawmakers in a high-profile 2018 lawsuit over gerrymandering and voter identification requirements.

- Make the State Highway Patrol an independent agency, giving the legislature the ability to vote down Stein’s pick to run the agency. Lawmakers did the same with the State Bureau of Investigation last year.

- Take away the governor’s ability to pick a majority of members on the Utilities Commission, which regulates energy companies.

- ⁠Eliminate the state Energy Policy Council and the Task Force for Safer Schools, each of which are chaired by state leaders who are currently Republicans but which Democrats won election for this year — lieutenant governor and state superintendent of schools.

- Barber said the various changes seem particularly undemocratic given that they all appear directly aimed at rejecting the message voters sent just days ago, in the 2024 elections, about what they want from state government.",Positive,Comment,https://www.wral.com/story/nc-house-votes-to-strip-power-from-incoming-democratic-governor-ag-as-part-of-helene-aid-bill/21729412/,1732111712.0,CriticalEngineering
"Hopefully, it is vetoed. My only concern is the inevitable spin that the GOP attaches to this whole ordeal.

""nC dEmOcRaTs BlOcK bIlL fOr HeLeNe AiD""",Neutral,Comment,https://www.wral.com/story/nc-house-votes-to-strip-power-from-incoming-democratic-governor-ag-as-part-of-helene-aid-bill/21729412/,1732111712.0,Mokeziah
"Sadly, it is a long game that the Republicans have played. The Democrats have done a lousy job showing the rural parts of this state (and country) what more liberal policy can do for them. 

There is going to be further push to let states have more autonomy with a Republican trifecta at the federal level so expect more extreme gerrymandering and power grabs at the state level. 

That said, it will take massive suffering by the people who voted in these clowns before we get a revolution of sorts and clean house. My advice is if you plan to stay in this country, you better have a financial plan to weather out the stupidity that is coming our way over the next couple years. With a Republican majority across the board, they will have no one to cast blame on for the ineptitude and failures.",Neutral,Comment,https://www.wral.com/story/nc-house-votes-to-strip-power-from-incoming-democratic-governor-ag-as-part-of-helene-aid-bill/21729412/,1732111712.0,jazid67
"On the 28 February 1933, President Hindenburg signed the Emergency Decree for the Protection of the German People. This decree suspended the democratic aspects of the Weimar Republic and declared a state of emergency.

This decree gave the Nazis a legal basis for the persecution and oppression of any opponents, who were be framed as traitors to the republic. People could be imprisoned for any or no reason.

The decree also removed basic personal freedoms, such as the freedom of speech, the right to own property, and the right to trial before imprisonment.

Through these aspects the Nazis suppressed any opposition to their power, and were able to start the road from democracy to a dictatorship.

The atmosphere of uncertainty following the Reichstag Fire secured many voters for the Nazi party.

The SA also ran a violent campaign of terror against any and all opponents of the Nazi regime. Many were terrified of voting of at all, and many turned to voting for the Nazi Party out of fear for their own safety. The elections were neither free or fair.

On the 5 March 1933, the elections took place, with an extremely high turnout of 89%.

The Nazis secured 43.9% of the vote, an improvement of almost 10% on the previous November’s election. Despite this improvement, the Nazis still did not command a majority in the Reichstag.

On the 23 March 1933, Hitler proposed the Enabling Law to the Reichstag. This new law gave Hitler the power to rule by decree rather than passing laws through the Reichstag and the president. If passed, the law would establish the conditions needed for dictatorial rule.

The atmosphere of terror that had followed the Reichstag Fire, and Hindenburg’s and von Papen’s support, made the proposal seem legitimate and, to some, necessary.

The law needed two thirds of the Reichstag to vote for it to pass. The Nazi’s had the support of the DNVP, and had banned the communist party, the KPD, from attending.

The SA and the SS had also been on a month long campaign of violence to scare or imprison other opponents to the party. They had placed many in the first concentration camp , Dachau , which opened just a few days before the vote on the 20 March 1933.

The Centre Party’s vote was crucial. After Hitler had promised to protect the interests of the Catholic Church, the party conceded and supported the bill. Only the SPD opposed it.

The Bill passed by 444 votes for to 94 against on the 24 March 1933.

Although President Hindenburg and the Reichstag continued to exist, Hitler could now govern by decree.",Negative,Comment,https://www.wral.com/story/nc-house-votes-to-strip-power-from-incoming-democratic-governor-ag-as-part-of-helene-aid-bill/21729412/,1732111712.0,SaaS_Queen
"The Night of Long Knives, also known as the Röhm Putsch, was the purge of the SA leadership and other political opponents from 30 June 1934 to 2 July 1934. Carried out primarily by the SS and the Gestapo, over 150 people were murdered and hundreds more were arrested.

In August 1932 there were approximately 445,000 members of the SA. By June 1934 this had grown to over 3,000,000 members. They were often given a free rein on their activities and were violent and difficult to control.

Hitler feared that the SA and Ernst Röhm, their leader, were a potential threat to his leadership. This fear was intensified by Göring and Himmler, who gave Hitler news of Röhm organising a potential coup .

In addition to this, there was a mutual dislike between the traditional conservative elite – who maintained many key positions in the government and the army during the first years of the Third Reich – and the SA. During the years of the rise of the Nazi Party, the SA had been instrumental in helping the party to gain support.

However, following Hitler being elected chancellor, the SA, and particularly Röhm, were keen to continue the ‘revolution’ and replace the traditional conservative elite with Nazis. Hitler and the rest of the Nazi leadership disagreed with their approach. They understood the need to appear moderate and take over slowly by democratic means where possible, maintaining the stability and illusion of a democracy. The tension between the SA and the Nazi leadership grew.

On 30 June 1934 these tensions came to a head. The leaders of the SA were ordered to attend a meeting at a hotel in Bad Wiesse, Bavaria. Hitler arrived and personally placed Röhm and other high ranking SA leaders under arrest.

Over the next two days, most of the SA leadership were placed under arrest and murdered without trial. Röhm, who was initially pardoned , was then given the choice of suicide or murder. Refusing to take his own life, he was shot on 1 July 1934 by two SS guards.

Whilst the purge focused on the SA, the Nazis also used the event to eliminate other political opponents, such as the former chancellor Kurt von Schleicher.

From 20 August onwards, the Reichswehr , who had previously been a separate organisation, now swore a personal allegiance to Hitler. The SA were dramatically reduced in size, dropping by 40% to 1.8 million by 1935.

Goebbels engineered the media coverage following the attack to present it as a preventative measure, in response to the SA’s ‘plan to overthrow the government’. As the SA were known for being violent and unruly, many saw this as a legitimate move by the government to ensure public order.

On 13 July 1934 the Reichstag retrospectively approved a bill legalising the purge as emergency defence measures.",Neutral,Comment,https://www.wral.com/story/nc-house-votes-to-strip-power-from-incoming-democratic-governor-ag-as-part-of-helene-aid-bill/21729412/,1732111712.0,SaaS_Queen
"That's their purview to change the rules it's their main purpose, the executives main purview is to enforce the laws they make. I worry more about the fact that the government has created these monopolies like duke. The best way to get rid of them is lowering the cost of solar and batteries to be a viable competitive option but the left has decided they hate the one guy trying to do that. The pharma is a whole mess of government subsidies and lobbying. The best way to target it is allow free trade of drugs with Mexico/Canada and the rest of the world. No other country pays the prices we pay for drugs and we let pharma feed off the backs of publically funded research and include their marketing cost in their development cost so they can say it cost 1 billion dollars to make a new drug. You can try to fix this with more government but personally having dealt with the government a lot I doubt their capacity to find snow in a blizzard unless their is a kickback for them. Cuban has done more to hurt pharmas monopoly by increasing competition than any government solution. Trump tried to enact laws that said American wouldn't pay more than other countries for drugs and they were blocked.",Negative,Comment,https://www.wral.com/story/nc-house-votes-to-strip-power-from-incoming-democratic-governor-ag-as-part-of-helene-aid-bill/21729412/,1732111712.0,ZealousidealState127
"I *just* helped my friend do this and I have to help people with this often, so you aren't alone.

How to buy a car:

**Get Consumer Reports.** It is like $25/year or something and has incredibly detailed information. You can learn if a car is reliable, if it is safe, what its usual problems are, etc. This is almost non-negotiable, because the alternative is to wade through the sewage of propaganda Google results that are basically unreliable. 

Now **look up used cars in your area** that are being sold by dealerships (not individual owners) and make sure they don't have bad reviews ratings overall. Depending on your budget and needs you can change the filters on websites like Carfax (which is my usual default starting point). 

In my experience, the best deals are around the $15,000 range for somewhat used cars under 100k miles, and $20,000-$25,000 for much newer cars with less miles (these are usually lease cars from 2020-2024). 

You will want to outright avoid a lot of brands, to be honest. In my opinion it's easier for me to say who is usually good than who is usually bad...**I would search for the following brands: Honda, Toyota, Volkswagen, Subaru, Mazda** (I may be forgetting somebody, and Kia gets an honorable mention). These cars tend to be reliable and safe, though Volkswagen repairs are expensive even if they should only need repairs rarely. 


Other brands DO have good, standout options in contrast to the rest of their subpar cast. Some models made by the ""reliable"" brands are also just shitty. **This is what consumer reports is for. Any time you think you have found a good deal, look the model up on consumer reports.** It will tell you if that line is a stinker or a hidden gem, just sort through the reliability tab. Things like build quality, laggy infotainment screens, and drive comfort arent a deal breaker...but  issues with electrical systems or drive trains are huge red flags. 

A car with an **accident history** can be a very good deal. You can often see what the accident was and come to solid conclusions. The easiest way to know if the accident wasn't meaningfully impactful is if it kept driving afterward for a year+ without notable repairs in the service history. A car that simply got side swiped, dented, or bumped can be priced $3,000+ lower. Just don't plan to resell these cars for much!

You can usually find ex-lease cars for pretty good prices! These usually have solid and well-documented histories and potentially a high number of ""owners"" (aka transfer to other dealerships). They're also typically newer (as in 2020 or later).


But heads up: **Cars older than 2016 are much less likely to have backup cameras**. I don't live in a location where I need one so this doesn't bother me at all, but maybe it will bother you.


Finally, **look up the VIN number and service history**, as well as location. Was it sold right after being in an area hit by a hurricane (like west NC, specifically anywhere above or beyond Charlotte)? I wouldn't buy it. Has it been sitting somewhere unchecked for years? Be cautious. If it has regular checkups and otherwise good routine service, that's a green flag. As noted you may have significant chances of getting a flooded car right this second due to the horrific hurricane we just had. So if you can lease or wait a few months, that might be wiser, though leasing rates have been weirdly inflated since COVID and don't wanna go back down. 


(**For electric cars**:  Do not buy one UNLESS you have a place at home you can charge them. Do not rely on public chargers. Because ecars are usually subsidized by the gov in some way, they're usually built to a different {higher} standard than the rest of their brad.

The Chevy Bolt is really decent for a budget car. I don't recommend Tesla due to service/repair/build quality issues, otherwise they'd usually be fine. Kia and Hyundai have decent options that are held back by some teething problems but we current own a Hyundai ioniq and it is quite nice. Nissan Leafs are kind of unreliable but have had some success depending on year they were manufactured, though the first gen leaf is absolute trash. Ford has some nice vehicles but they ultimately keep having major issues in random spots or are more expensive than their competition for little gain.)

**You should be able to find a reliable car that will last you 5-10 years with this method** depending on mileage. 


Hope that helps. Feel free to reply if you need additional help or need clarification.",Negative,Comment,https://www.reddit.com/r/NorthCarolina/comments/1gvh70s/hey_guys_whats_better_in_this_current_market_car/,1732076366.0,CheckeredZeebrah
"You lost by an overwhelming vote of the majority of the people throughout the entire United States of America...   
Get over it!  We dealt with the Biden administration for 4 years. Of all people to be complaining about government issues you people in NC, especially Asheville, have seen very little help from this administration. Did Trump do all the BS that the Democrats said he was going to do in his last 4 years? Oh Hell no! He didn't start WWIII he ended several conflicts. Oh Hell yeah! Did he proclaim to be king and take over the country by canceling voting. Oh Hell no! Many thing were going well but he still had to put up with all the false allegations that were being thrown at him. Just think of all the good he COULD have done if he wasn't stressed out with all the BS from the Democrats. You enjoyed prices of gas & food and several other things before. I have a feeling that NC will be seeing a LOT of help from the Trump Administration soon after he gets into office. Just relax! Take a deep breath and go with the flow.",Negative,Comment,https://www.reddit.com/r/NorthCarolina/comments/1gv9k6c/wnc_should_be_outraged_by_the_general_assembly/,1732054405.0,TheSnowhawk
"Forgive my ignorance, but what does this bill do? I googled sb 382, and it was related to dentistry practices, and at the bottom pertained to sharing patient data for those who used Medicaid or other state funding. Not sure if this is the same as the one you're referring to.",Positive,Comment,https://www.reddit.com/r/NorthCarolina/comments/1gv9k6c/wnc_should_be_outraged_by_the_general_assembly/,1732054405.0,fatman9323
"Yeah it's not coming up correctly.   It's the Helene Relief bill that's headed the NC Senate today, but included in it they are moving power over the Board of Elections to the State Auditor which in January will be a republican and it strips power from the governor,  lieutenant governor and attorney General since they lost those races. Let me try to find a link.",Negative,Comment,https://www.reddit.com/r/NorthCarolina/comments/1gv9k6c/wnc_should_be_outraged_by_the_general_assembly/,1732054405.0,Klutzy_Book_2986
"Holy handgrenade of Antioch, I knew it was bad but I didn’t know it was this bad. This is more than the GOP has approved to recover from Helene. Just goes to show you what being the affluent parents can get you when you donate to the right people.",Negative,Comment,https://ncnewsline.com/2024/11/19/republicans-override-veto-school-voucher-program/,1732048377.0,KulaanDoDinok
"Me and my siblings went to school in WNC 1999-2009. It was considered top notch especially after moving and finishing school in Tennessee. It felt like being dropped in a bucket, the different was night and day and utterly horrible in comparison. I got assigned a speech therapist in NC for six years!! I don’t think there was a single one staffed in the TN districts.  We were ahead on all benchmarks compared to our classmates. I’m thankful I don’t have children, I’m afraid to look at the current education system now.",Positive,Comment,https://ncnewsline.com/2024/11/19/republicans-override-veto-school-voucher-program/,1732048377.0,Total-Football-6904
"I left NC at age 17 and lived in South Florida for 31 years. At first it was exciting and the pace thrilled me, but at my age now I realized that the traffic and rude people were giving me PTSD. It was even more apparent when I moved back and was constantly on the defensive while driving. It’s only been 3 months now but my resting heart rate has dropped. That’s a big sign that “life in the fast lane” was causing my heart stress. 

  
It seems to me that the South Florida lifestyle was very superficial and materialistic and I also don’t miss that at all. People are way more casual here and I love it. Plus, no more daily sweats and running from hurricanes!!
   
I love being back now as I appreciate the kindness and no horn beeps .005 seconds after the light changes. And people smile in the grocery store and genuinely care. 
   
I honestly didn’t know what I had until I grew up and experienced Florida for so long. I’m so grateful to be back now.",Positive,Comment,https://www.reddit.com/r/NorthCarolina/comments/1gv6rhf/what_are_the_biggest_differences_between_living/,1732047354.0,FloridaKeysMermaid
"Dumb fuck Tillis has started his masquerade to appear a bit moderate, so he can can take a decent chunk of the moderate vote for reelection in 2 years. It's a charade. He votes however he's paid to vote, literally. The guy has no integrity: vote the party line, get rich, and screw the people of NC.",Neutral,Comment,https://themarijuanaherald.com/2024/11/us-senator-north-carolina-marijuana-legal/,1732039518.0,abevigodasmells
"My mother lives in ohio which has legal weed as of very recently.  it was legal when i was up there.  It came up in conversation me and her were having about something and she said its not legal,  they shut it down and there are no shops allowed to open.  I had to tell her she was wrong and they had been open for over a month and one was 3 miles from her house.  She was like really?  Yes.  i am very sure.  I could see her wheels spinning.   Thats right mom.  3 miles away its being sold and it legal right now in fact your neighbors might have weed and you didnt notice anything change did you?   well its a bad idea.   Ok ma.

Just to say it again.  ohio,  legal weed.  come on NC.  ohio has legal weed.  shame shame shame",Negative,Comment,https://themarijuanaherald.com/2024/11/us-senator-north-carolina-marijuana-legal/,1732039518.0,Frosty_Smile8801
"I also use the legal stuff and have for years with no issues, but luckily where I'm at, there's a great hemp business that makes alot of their stuff in house and it's high quality.   That being said, Ive argued for a couple years now that I'm all for regulation, to a degree, for this industry because all the ""gas station"" shit that is out there gives the legit businesses/products a bad name, and then you have legislators that want to shut down the whole thing.",Negative,Comment,https://themarijuanaherald.com/2024/11/us-senator-north-carolina-marijuana-legal/,1732039518.0,wcu25rs
"Yep, I spent the past week curing ballots all day, every day literally up to the last minute. I'm happy to see our efforts paid off and trust that the recount will come back the same",Positive,Comment,https://www.wral.com/story/riggs-appears-to-win-nc-supreme-court-race-but-griffin-calls-for-a-recount/21729251/,1732038652.0,OftenSilentObserver
"> In the 132-page draft bill obtained by WRAL, the first 12 pages deal with Helene recovery efforts. The rest is dedicated to unrelated provisions.

They're called ""riders"" and should be made illegal.",Positive,Comment,https://www.wral.com/story/nc-republicans-to-use-helene-aid-bill-to-strip-power-away-from-incoming-democratic-governor-ag/21729412/,1732038343.0,allllusernamestaken
"The marine science and ecology labs at UNCW and Duke (w/ some from NC State) jointly build and use them off shore and in the tidal basins. Beyond that, I only know of a couple rivers/creeks where the water is clean enough to use ROV cameras: Harper’s Creek comes to mind, but the road to it is knocked out by the Hurricane Helene floods. 

I do wonder if some of the lakes are clear enough to operate an ROV, such as Falls Lake, Jordan Lake, Sheron Harris Reservoir, Kerr Lake, and Roanoke Rapids Lake.

Happy ROVing! What size is your ROV? The one my daughter built at UNCW and one she built at U. South Alabama for salt marsh and reef studies was about 3-4 feet long.",Neutral,Comment,https://www.reddit.com/r/NorthCarolina/comments/1gv0mh3/any_rov_owners_out_there/,1732032291.0,devinhedge
Because they are a prominent republican… like everyone else at heritage foundation pretty much lol. It was a pipe dream of a “wishlist”. Trump has repeatedly said he doesn’t know or care about it. He’s got democrats in his cabinet lol. It’s not even on the radar. There were trolls on the right joking saying “now we should say it’s real and we’re totally gonna do it” which is kinda funny but also in poor taste at the same time considering how many people are actually terrified because the dems used it as fear porn nonstop for the last 6-8 months. It’s literally not worth panicking over. If you want to have plans then great but maybe don’t break out the shortwave radios and dead drops just yet. This isn’t a novel concept think tanks have published garbage before and they’ll do it again… politically or otherwise.,Negative,Comment,https://www.wral.com/news/local/north-carolina-house-bill-10-vigil-protest-november-2024/,1732023794.0,HalfBloodPr1nc3
