Text,Sentiment,Type,Post URL,Created,Comment Author
"Looks like everyone else has most of the drawbacks covered, but operationally its really really weird because its on the county line.  Part of the city is in Maury county, part of it is in Williamson county.  This can cause headaches for people figuring out what is on their ballot for elections, what districts they're in regarding their representatives or even their schools.  

If you care about the latter, people say that you want to be on the Williamson side but this singular reason is going to make that side of town that much more expensive.  

I work in Franklin and could have rented something in Spring Hill, but it just felt too copy and paste - all of the homes are the same floor plan, built in the last 5-10 years, same look on the outside.... it was super weird to me.  Some of the neighborhoods are so big it can take you way longer than I was comfortable with just to get on a main road.  

That being said, I don't know what your income level would be.  I see lots of suggestions for Columbia, but consider the traffic patterns.  Starting in SH, driving North in the morning and South in the afternoon is what you want to avoid so whatever you can do to get away from that ... the better.  

There are lots of places you could live and take this job, but we need to know what you're looking for in living situation.  City, rural, apartment, fenced in backyard? Access to schools? restaurants? Shopping? Will you just stay at home or want to do things with friends (and have access to making them?) 

We kinda need more from you.",Positive,Comment,https://www.reddit.com/r/Tennessee/comments/1gwjglu/questions_about_spring_hill_tn/,1732206826.0,HurtsCauseItMatters
"While most that has been said isn’t wrong, it’s a littler hyperbolic. 

If you live and work in Spring Hill it’ll be fine. A good number of options to eat, everything you’ll need is a 10 min drive away at most. 

Traffic going into Nashville can definitely get nasty, but that’s more of a fault of living south of Nashville than Spring Hill itself. If you can afford it, I’d recommend it to anyone.",Positive,Comment,https://www.reddit.com/r/Tennessee/comments/1gwjglu/questions_about_spring_hill_tn/,1732206826.0,Sticky_Quip
"I would say an hour from SH to BNA is a pretty optimistic outlook.  You should give yourself more like 2 hours unless you have the first flight out in the morning.

I live in Nashville proper and allow 45 min or an hour to get there.  

If you'll be flying often, and that drive is longer than you'd like consider some closer in options for housing.  

What are your must haves?  You said no kids - so is it horses, dogs, 4 wheelers?  Why the draw to SH?",Positive,Comment,https://www.reddit.com/r/Tennessee/comments/1gwjglu/questions_about_spring_hill_tn/,1732206826.0,PuzzleheadedClue5205
"Oh my bad. I didn’t see where you said you were renewing a Real ID. My mistake. Well, I hope you get yours before your trip!!",Negative,Comment,https://www.reddit.com/r/Tennessee/comments/1gv1mth/major_delay_for_driver_licenses/,1732034765.0,imbarbdwyer
"YMMV, I've had issues with Ambetter, but this time around has been ok. They are in network for my providers and the plan I have has low copays or no copays for that care. Now in the past I have had an issue where my labs were sent out of network and should have been covered but we're not. They even sided with me but they never paid for them. That pissed me off for a long time but I had United last year and it was not good. So if your providers in your area take ambetter and you're on a plan with low pays low deductible you should be good. You can also call to see if your prescriptions are covered and get a price list.",Positive,Comment,https://www.reddit.com/r/Tennessee/comments/1gucr4o/ambetter_of_tennessee/,1731957031.0,lauralamb42
"I used them because they were still better than the $800/month high deductible from that paid for literally nothing.  With the Ambetter plan a couple years ago, we got better Rx coverage and even a couple tiers of copays.   Been off it for 2 years since my wife has good insurance at her work.   But Ambetter was still better than what I had at my job.",Positive,Comment,https://www.reddit.com/r/Tennessee/comments/1gucr4o/ambetter_of_tennessee/,1731957031.0,901CountryBlumpkin69
"**people found guilty of some infractions, for example adultery, could be sentenced to flogging or death by stoning.**

If they tried this in the United States, we would be 99% female. Soooooo..... 🤔",Negative,Comment,https://www.newschannel5.com/news/newschannel-5-investigates/confronting-hate/aiming-to-radicalize-main-street-christian-nationalists-set-sights-on-tiny-jackson-county-tennessee,1731943263.0,panormda
I didn’t say go down unsafe trails I clearly said we didn’t get hit hard enough to hurt peoples feelings if you go hiking. Also they said Chattanooga and Gatlinburg nobody said unicorn county that’s an hour from Gatlinburg and 3 hours from Chattanooga.,Negative,Comment,https://www.reddit.com/r/Tennessee/comments/1gthkt6/any_spots_in_tennessee_to_hike_or_to_avoid_due_to/,1731861637.0,Suspicious-Ship-1219
It’s a bummer. I was actually abused. I was really not that bad of a kid. I was just different and had bad adhd. I’ve actually decided that I’m going to contact my most abusive teachers and let them know what kind of people they were. This post has inspired me to go through with it. I used to think it was petty but honestly I just want to traumatize them like they traumatized me.,Negative,Comment,https://newstalk941.com/teacher-given-probation-in-jackson-paddling/,1731781313.0,firemedicfuckboy
"While I know you are right, I still think I’m going to do it. I’m as healed as I’ll ever be. It’s not gonna be an emotional thing. Most of them are retired or nearly retired now. I do not expect an apology or even them to remember me, but If there is any chance I can instill any insecurity, doubt, and uncertainty into their lives, especially right at the beginning of their golden years, im going to take it. I WANT THEM TO SUFFER EXISTENTIALLY.  It WILL make me feel better. That being said, Thank you for the good and well reasoned advice. Something about leading horses to water.",Positive,Comment,https://newstalk941.com/teacher-given-probation-in-jackson-paddling/,1731781313.0,firemedicfuckboy
The whole town said they shoulda used red but it looked good to Charlene….,Positive,Comment,https://www.newsnationnow.com/us-news/mid-south/alabama-city-water-tower-orange-white/,1731644338.0,Glacier2011
"Because nothing says national pride better than an uneducated population who can be trained (skills training) from the wrists to the fingertips while leaving the hard work of intelligent thought processes to your college educated overlords. 

We are in a crisis of our own making. Good luck.",Neutral,Comment,https://www.chalkbeat.org/tennessee/2024/11/14/trump-should-close-us-education-department-gov-bill-lee/,1731629963.0,Purpleappointment47
I have yet to hear anything good be said since Trump has been elected. If there’s an issue with department of education then why not advise and fix it??? Not dismantle it… that is hurting so many people. I have yet to hear how this is going to play out besides “we’re gonna dismantle the doe and leave it to the states” so where’s funding coming from? How are kids that need fafsa paying for school? How are teachers getting paid? What will happen to low income areas? Who will take all of this? What will happen to the thousands of people working for this department?,Negative,Comment,https://www.chalkbeat.org/tennessee/2024/11/14/trump-should-close-us-education-department-gov-bill-lee/,1731629963.0,Pale-Recording2823
"You, @thisismynamesilly, maybe a good resource for me.  I was never much interested in history, but since history has been white washed over and over again, I don't know where to start.

I am in Tennessee, and just today, the Governor said he is all in for eliminating the Board of Education at the federal level.

So.  I want to find books that more accurately present American history.  And then World history in general.

I have a 2 year old Granddaughter I'm building a library for full of banned books.  I think knowing history will be ever so important in the future.

Being in the South, my first historical book is Black Confederacy and the second isThe Road to Unfreedom: Russia, Europe and American. 

I'm sorry if this is too big an askp",Positive,Comment,https://www.chalkbeat.org/tennessee/2024/11/14/trump-should-close-us-education-department-gov-bill-lee/,1731629963.0,Environmental_Art852
"The weather here will give you all 4 seasons in the same week in the middle of January. You can have a 70 degree Christmas and a negative 3 new years.  Good luck with that. You can trade wildfires for a tornado once in a while. Eco living is good if you hate polluted air but you can trade that for horrible allergies. As someone native to tennessee I've lived all over and will take my first opportunity to get out. 

With that being said people do still love it here and there are many positives which I'm sure is equal to where you're from. Personally my biggest issue is politics here but you might like them more. If I remove all the political junk and the things I stated above it's not so bad. There are a lot of people from out west here that come for the same reasons. Some of them regret it. Some don't. Hopefully for you it is as good as you hope it is. Portland isn't gross or anything so there is that.",Negative,Comment,https://www.reddit.com/r/Tennessee/comments/1grjcze/moving_to_portland_tn_in_one_day_for_work/,1731629444.0,Born_Acanthaceae2603
"This is absolutely heartbreaking, what a lowlife piece of scum. 
I can't imagine the rage and utter sadness the owner is experiencing. 
How tf do you just shoot and kill 7 dogs like that. 
Poor dogs, and the one that was hiding, I bet he's traumatized seeing his pack all slaughtered in front of him, not understanding what was happening.
My heart goes out to the man who lost his sweet doggies.",Negative,Comment,https://www.wsmv.com/2024/11/13/former-tennessee-deputy-accused-shooting-killing-7-dogs/,1731545508.0,Miscalamity
"I’m not not on your side. I want the best for all of us FIRST. When I say us I mean the people who were born here.  When our people are starving, homeless, working ‘til 80s, going without. Savings and retirement are looking slim. Inflation has devastated our precious seniors. How many people are one -two paychecks away from disaster.  They have been! [Remember this pretty and bright young lady, Laken Riley?](https://www.usatoday.com/story/news/world/2016/05/18/venezuela-food-shortages-cause-some-hunt-dogs-cats-pigeons/84547888/) the alleged killer and his brother are both illegal aliens from Venezuela and are part of  TDA.",Negative,Comment,https://www.wkrn.com/news/tennessee-news/they-are-in-numbers-here-tbi-director-warns-of-violent-venezuelan-gang-resurfacing-in-tennessee/,1731471455.0,Southernms
"Do you or do you not think it’s a good idea to head off criminals that want to rule the streets? If you’re ok with that stop reading now. Because I will no longer converse with someone so blinded by hate. 

The murdered guy was an analogy meant to show criminals don’t ask your political affiliation before they rob rape and kill you. 

FYI my cable guy who is from the DR said they absolutely eat dogs and cats. Why this is so far fetched for you to comprehend? China does it too. You gonna jump on that bandwagon as well? 

Right so the Right wingers have nothing to do, but fake crimes and murder people to blame it on  the illegals. Boy you’re a one of a kind.",Positive,Comment,https://www.wkrn.com/news/tennessee-news/they-are-in-numbers-here-tbi-director-warns-of-violent-venezuelan-gang-resurfacing-in-tennessee/,1731471455.0,Southernms
"We only received 8% of our funding from the federal department of education to begin with.

The remaining 92% came from local and state funding from our taxes.

The state will have less oversight and the vouchers will probably become a thing but people saying this is the end of public education are not knowledgeable on the Tennessee state constitution.

Article XI, Section 12 of the Tennessee Constitution declares that the state of Tennessee recognizes the inherent value of education and encourages its support. The constitution mandates that the General Assembly provide for the maintenance, support and eligibility standards of a system of free public schools. The General Assembly has addressed this constitutional mandate through a complex set of statutes wherein the cost and administration of the public school system for grades kindergarten through 12 is shared among the state and counties and also municipalities that operate school systems as well as some special school districts.

[source ](https://www.ctas.tennessee.edu/eli/education)

That being said, calm down. Trump says a lot of things but as someone else has said. We are still waiting on that wall...",Positive,Comment,https://www.reddit.com/r/Tennessee/comments/1gpr6o6/effect_of_the_abolishment_of_department_of/,1731435005.0,None
"It’s going to get bad, real bad, and honestly I hope it’s such an immediate shit storm that we retake both houses of the legislature in 2026. 

Soon Vance and the billionaire bros will fuck up and maybe by 2028 we can save the nation. Hopefully not too much will be irrecoverable. 

I’m afraid most voters use emotions not logic. 

Biden has been one of THE BEST presidents ever and yet his approval rating was always in the gutter. Harris was a once-a-life-time real American success story and ran an amazing campaign. 

Yet here we are. I am still so utterly embarrassed and angry.",Negative,Comment,https://www.reddit.com/r/Tennessee/comments/1gpr6o6/effect_of_the_abolishment_of_department_of/,1731435005.0,ScarcityLeast4150
"Lee won’t fund them. 

Schools lost some funding they needed for after school tutoring and full time tutors to aid in academic intervention that worked during school hours. 

Say goodbye to a lot more.",Negative,Comment,https://www.reddit.com/r/Tennessee/comments/1gpr6o6/effect_of_the_abolishment_of_department_of/,1731435005.0,bunnycupcakes
"If Tennessee had an even remotely decent track record of handling public education OR handling funds like this then sure. But since what you’re describing is a utopia that any realist will acknowledge will never happen this is a disaster. Thankfully, dismantling the DOE requires involvement past the house and senate majority so there is a very good chance this is one of the plans that will never see the light of day.",Positive,Comment,https://www.reddit.com/r/Tennessee/comments/1gpr6o6/effect_of_the_abolishment_of_department_of/,1731435005.0,Plenty_Pie_7427
"Surprisingly, yes, I have met high schoolers. The thing is, though, that I haven’t met every single high schooler in the state, let alone the entire country. The small sample size of “high schoolers that I know well enough as an adult to make a determination of how well their test scores are” is, probably to no surprise, very small compared to the amount of high schoolers that, you know, exist in the country.

Now, if you’ve met enough high schoolers to count as a sufficient sample size to know all of this, then I guess I’ll have to concede.

Everything you said just now was also said about my generation, and every generation all the way back to Ancient Greece, where documents have been found of people complaining about the younger generation.

As I said to the previous commenter, the National Center for Education disagrees, so if you have a source saying otherwise that isn’t “have you **MET** young people?!”, I’m happy to check it out. 

For reference, my wife’s little sister graduated high school in 2019 and is currently finishing a master’s degree in epidemiology at Emory. If we want to use the “high schoolers you’ve met” excuse, then my sample size “proves” the complete opposite.",Positive,Comment,https://www.reddit.com/r/Tennessee/comments/1gpr6o6/effect_of_the_abolishment_of_department_of/,1731435005.0,Friendo_Baggins
"I used SNAP years ago when my kids were small. Was making only 500 a week in an expensive city. So the SNAP program kept my kids from going hungry. Thankfully I don't need the program at this time but you never know what position you could find yourself in the future. All it can take is to be fired/laid off, house fire, etc...

Ever since those times I stopped bitching about my taxes.",Neutral,Comment,https://www.reddit.com/r/Tennessee/comments/1gpr6o6/effect_of_the_abolishment_of_department_of/,1731435005.0,Telken_308
">Realistically big business is never cracked down on. If they are they receive a fine that costs them less than the benefit they received.

Because of Republicans, majoratively.

>The policy you advocate for will naturally only hurt small business.

Untrue. Revoking business licenses of offending companies hurts all.

>When did I say anything about deregulating for Amazon and Walmart? 

Right before I said the policy should only affect small businesses.",Negative,Comment,https://i.redd.it/n6gm5qn3wm9a1.png,1730731294.0,7818
"I didn’t call you dumb, I said “this is dumb” in reference to you saying increase the gas tax.  Reading good…",Positive,Comment,https://www.reddit.com/r/Tennessee/comments/1gjfjnf/ev_tax_rant/,1730730541.0,Morgus_TM
"I already struggle to get up in the mornings and if we had year long DST, I heard sunrise in Knoxville in January would be at 8:45. That sounds miserable to me. With that said, I’d probably feel like you if I lived in CST.",Negative,Comment,https://i.redd.it/zz2b9v6spkyd1.jpeg,1730590403.0,ednamode23
"Paint Creek (also in northeast TN) could be an option. It’s technically inside of a state park if I’m not mistaken but it’s still a decent drive away from towns and has some beautiful scenery. They also have a campground. Only issue is the “park” itself runs along the creek and is often crowded in the summer because they have some awesome swimming holes but it might not be as bad this time of year. The creek is regularly stocked with trout and is connected to a river so while I haven’t had the chance to fish it myself I’d bet a few smallmouth and largemouth are in there as well. If you don’t wanna fish the creek you can drive about 10 to 15 minutes where the creek flows into a river (I think the Nolichucky but I’m not sure) and at that point the road continues to follow the river with plenty of spots to stop and fish. Lastly, this area was affected by Helene but I don’t know the details or to what extent but it’d be worth looking into.",Negative,Comment,https://www.reddit.com/r/Tennessee/comments/1gghe54/tennessee_fishing_trip_in_the_fall/,1730388865.0,degenerate_666
"The hour wait wasn’t bad. I chatted with the people in line next to me, even though we had opposing political views, i just went along with whatever they said and blended right in lmao.",Negative,Comment,https://i.redd.it/g2rr82tgr2yd1.jpeg,1730373045.0,TorqueRollz
"Thank you for voting!! The little old ladies (and younger folks if any are there) are so nice and helpful, like everyone else has said. I worked the 2020 election and was definitely the youngest worker but absolutely loved it. If they know you’re a first time voter, there’s a good chance the whole room will cheer for you. That was one of my favorite things about working Election Day. Seeing people come out and vote for the first time was so exciting! Now keep it up!! I also recommend the GoVoteTN app before you go so you can read through any amendments and see any other people who are running in case you want to do some research beforehand.",Positive,Comment,https://i.redd.it/n1egd6x3nkxd1.jpeg,1730153659.0,memkimbo
"Especially the judges! Look them up; look up what your local newspapers say about them - whether they endorse them and why or why not. I’m deeply ashamed that I paid so little attention to the judges running in elections for most of my adult life. . Our only way to unseat them is by voting. We all have heard quite enough about presidential candidates and so forth. 

P.S. - you may write down your choices beforehand, and bring that in with you. It’s permitted!",Negative,Comment,https://i.redd.it/n1egd6x3nkxd1.jpeg,1730153659.0,Single_Principle_972
"It's more like... The man literally has stated his desire to use the military against American people that he disagrees with. He and JD Vance are advocating for more states to do what Texas is doing with forcing women to release medical records and forcibly track their menstrual cycles --- and will deny them access to leave Texas ( they want to make that nationwide).

I didn't forget them putting children in concentration camps. Lying about covid while I actively worked to treat patients. I got so sick of being told the people I watched die of COVID on record numbers I'd never seen in my career weren't real and I was a paid actor. I remember the families and the long-term rehab those who survived needed. 

He fleeces the lot of you gullible, willfully ignorant people to the detriment of us all. 

He has stated a desire to get rid of all social support networks and public education. And well America is going to be bankrupted by his poorly crafted plan to further steal from the people to line the richest pockets. Not counting the increase on goods and taxes. 

Y'all forget he also cut down oil production to help the Saudi buddies and didn't do crap to help Puerto Rico after hurricane Maria - who are Americans. 

You people keep your head in the sand.",Positive,Comment,https://i.redd.it/n1egd6x3nkxd1.jpeg,1730153659.0,Grouchy-Craft
"Basically in like 2020 the Seuss estate in coordination with the publisher decided to stop printing like 6 of the books because the artwork was kinda racist by today's standards and a bunch of conservative talking heads (think Shapiro or Carlson types) went on a ""cancel culture is out of control"" rampage on Twitter. Importantly, no decision was made, or even discussed, on removing current copies from libraries or classrooms, it was just the publisher and Dr Seuss family who said they want to stop selling that content.",Positive,Comment,https://www.wkrn.com/news/local-news/dr-seuss-novel-among-books-removed-from-wilson-county-tn-school-libraries/,1730022665.0,ramblinjd
"The fact that all the counties with big cities have significantly lower EV turnout than rural counties indicates that we're looking at a partisan difference here, which bodes ill for the Democrats. I don't think anyone was under any illusions that Kamala Harris has anything other than a fart's chance in a cyclone of winning Tennessee, but this looks really bad for the Democrats down the ballot. The fact that Shelby County isn't the darkest one on the map spells disaster for them any way you slice it.",Negative,Comment,https://i.redd.it/5459a1s3v3xd1.jpeg,1729950527.0,Dear_Occupant
"Yes for 2000 standards as you’re comparing apples to oranges and times have drastically changed in over 20 years. Nationalism was much higher at the time because of the gulf war and then 9/11. It wasn’t ever “democrat bad” or “republican bad” that was before modern media and proper technology to have world wide communications like this. We also didn’t name call opponents back then or try and start scandals. (I’m talking both sides) 

we have had such an increase in both technology and mental health issues in the last 10 years that depression is now considered an epidemic by the “World Health Organization” specifically high in millennials and Gen Z. A major factor of this is social media and the influence. You or I can talk behind a screen and spout whatever without consequence.

You have a platform like Reddit that has quite literally been nothing but an echo chamber to hate a certain political opponent for at least the last two years, I’m not denying any claims or challenging them but rather; for two years consistently on Reddit; daily I will see information about Donald trump and what he did.

This is literally based on the “illusionary truth theory” in which even our modern police use. You hear something enough and you believe it even if it’s not true. I’m mostly use reddit for my video games as you can tell by my comment history, that being said I also consider myself a free thinker and will spout what is quite literally happening even if it costs “upvotes”",Negative,Comment,https://i.redd.it/5459a1s3v3xd1.jpeg,1729950527.0,microscript
"You’re right that 2000 isn’t now and the national mood is different. But that doesn’t have any direct correlation with TN being red today. If it did, we would now be super blue because national pride and support for any war at all has bottomed out. Times are different, candidates are different. A lot more things are different besides people just being depressed and rejecting jingoism. 

But TN hasn’t always been red, nor will it always be unless Republicans relocating outnumber the leftward shift (possible, but this is the first major election since that migration began in 2020, so I guess we will find out).

And, yes, I was an ass in my previous comment but “I’m a free thinker unafraid to say unpopular things” is going to make virtually anyone roll their eyes. I’m glad you’re getting involved. Keep doing that. We are only doomed once people stop caring.",Negative,Comment,https://i.redd.it/5459a1s3v3xd1.jpeg,1729950527.0,spanielgurl11
My 10+ in my family voted blue♥️ I’m scared honestly that if he wins I’m gonna end up dead on the streets somewhere I’m a small petite woman whose multiracial (that triggers racist a lot because it means a white person fornicated with someone of color… wait til they figure out my mom is half Asian Indian and half white and my grandmother married a immigrant Indian man in the 60s💀) I used to work at Cracker Barrel right after the pandemic and the amount of sneers or dirty looks I received from maga lovers was disgusting🤮 had one tell me I was an abomination to society and my mother should be ashamed. (Note: this was at the Blount county store since I live in south Knox) I later worked at Starbucks for two years and quit the beginning of 2024 it had a surprisingly good amount of trump lover customers but none of them said anything to me personally although we did have an incident where a customer wouldn’t take a drink from a barista because her voice sounded too deep and he was convinced she was transgender (she was not in fact trans she just had a super deep voice due to accident that injured her vocal cords). Her voice sounded raspy if anything and the guy was just being an ass just to be an ass. I honestly always felt weary around trump fans but after he was elected and the effects he continued to have even out of office has convinced me that anyone that would follow him is just heartless. To choose money over people makes you just as worse as the rich people you claim hurt you and your chances at success (THIS IS NOT MY PHILOSOPHY BUT IT IS A LOT OF MAGA LOVERS PHILOSOPHY!!!),Negative,Comment,https://i.redd.it/5459a1s3v3xd1.jpeg,1729950527.0,Haileyhuntress
"I can agree with you that there definitely will be flipping within the state. I also really liked Obama tbh and think there was a reason he was voted in two terms. Hell if we didn’t had a two term rule he would have probably had a third term as well.

And I do think that eventually here soon tn will flip to a blue state but I think the hate at this moment for Donald trump is such at a high rise that people will vote just in spite of the other party into which I’ve heard. I think we as a society need to be more civil and respectful of peoples views and opinions. 

I don’t think Donald trump is the next Hitler/dictator who will stay in office for the rest of his life. I think there are too many checks and balances for that and even if he did there has been what like 4 now alleged attempts on his life in like the past 2-3 months. That all being said I’m not saying I’m voting for him but the fear mongering the side tries to do I think is backfiring amongst independent voters. If Donald does end up becoming a dictator then I’ll be first on the chopping block and admit I was wrong. I just think comparing someone like Hitler to trump is outrageous and a dangerous argument without any proof besides he said this or that. 

Also I’m sorry about your grandfather, loosing family is always hard regardless of the political disputes. I hope you were able to find solace.

Ig my one question for you in hopes you are able to actually break my opinion is why do you think trump is either a threat, bad option as a candidate or whatever in-between? (Outside the scope of he said this bad thing or that) like what politically about it makes him a bad candidate in comparison to Kamala?  I haven’t voted yet so you very much could sway me here.",Negative,Comment,https://i.redd.it/5459a1s3v3xd1.jpeg,1729950527.0,microscript
"I do not care who you support or vote for. This is nonsense. He was not convicted inly impeached. Which is the the Presidential equivalent of being charged with a crime. Since the Senate did not have the votes to convict and remove, this isn't a disqualification under any Amendment. Multiple states filed suits to remove Trump from the ballot and the state courts ruled that there was no justification under any circumstances to remove him from the ballot.

There was no insurrection, but there was a riot. In his speech he said to protest peacefully while telling supporters to tell their representatives to reject the results. While this statement was ridiculous and didn't help matters, it is not inciting an insurrection. An insurrection is an attempt to overthrow the government, there were no plans among the group that rioted to anything other than disrupt the proceedings. Most people just walked through the building while some committed additional crimes of theft. This is a far cry from an insurrection and the riot was the fault of Congresswoman Pelosi and Mayor Bowser for failing to request the National Guard troops that Trump authorized.

I don't care if you vote for Clinton, Obama, Biden, and Harris, but please stop with this nonsense about an insurrection that never happened. And if you are talking about an authoritarian dictatorship all one has to look at is how you treat your political enemies. In this case the Trump supporters that rioted were given extra charges of terrorism to try to get plea deals for the DOJ. It is October 2024, and the riot was in Jan 2021. There are still people held in prison for those events that have yet to be fully charged and face a judge and jury. Nearly 4 years of being imprisoned by this DOJ, clearly in violation of the 4th Amendment but no one in the media wants to talk about that.",Positive,Comment,https://i.redd.it/dc5puhb86jwd1.jpeg,1729700025.0,DaddyOfOhReaally
"I used to think that way about athletics, but as a student who was on scholarship my entire undergraduate program and am now enjoying a fully-funded master's program, I'm pretty grateful for the revenue generated through athletics, both directly and indirectly. UTK is one of the only major research institutions in the country that isn't in any meaningful amount of debt, thanks in part to our success in athletics drawing in donors, tourists, and out-of-state students. That also leads us to being better prepared here for the approaching enrollment cliff. 

So yeah, it does feel silly that a sports-ball man is the highest-paid employee, but I do get it. He's the farmer tending to our cash cow. 

(Don't shoot the messenger here. Everything I've said above is me condensing what my professors have said, and they're not afraid of being critical of the university. My discipline is also one of the most popular for student athletes, and professors regularly have to coordinate with the athletics department, so they definitely know what they're talking about.)",Positive,Comment,https://i.redd.it/fxwoh9wt2iwd1.png,1729686774.0,HamartianManhunter
"First, no he doesn't, our student athletes bring in that money.  Second, they don't even bring in money after you subtract expenses due to the phenomenal [cost of our athletic program. ](https://www.on3.com/news/usa-today-releases-top-25-total-revenue-college-athletics-programs/) I'm not saying the guy shouldn't be well paid, but it is sad that so much money is sunk into people running a massive athletic program that ultimately costs the school money and does nothing to educate students (you know, the purpose of college).  The surgeons on that list I understand, they're actually teaching something that you can't even put a price on, but for the athletics manager to be the highest paid government employee in the state is kind of a sad reflection on our priorities as a state.  And I say that as someone who was at the Florida game.  GBO!",Negative,Comment,https://i.redd.it/fxwoh9wt2iwd1.png,1729686774.0,HerkimerBattleJitney
"When it came time to elect a man who was convicted of 34 felonies, has numerous more investigations pending, cannot legally run a charity in New York, allegedly raped teenagers, did walk into at least one Miss Teen USA dressing room, all but outright said he’d fuck his daughter if she weren’t related to him, attempted to circumvent the government to have dealings with other politicians while he was a regular citizen, asserted that if he won the election, his base wouldn’t have to vote again, and made the claim that he needed Hitler’s generals, I voted against that man and every one of his actions.",Positive,Comment,https://www.reddit.com/r/Tennessee/comments/1g9yq2w/does_my_presidential_vote_matter/,1729646847.0,KP_Wrath
"In *Mr Smith Goes to Washington,* Jimmy Stewart's character said that lost causes are the only causes worth fighting for. 

Why? 

Because your motivation isn't to win some outcome or get some gain at the end - you already know the cause is lost. Therefore, your motivation is love. 

For me, that's why I vote. As dramatic as it sounds, I vote on behalf of the people I love - my children, friends, co-workers, family, neighbors. I want them to have a better life, so I try to do good in my personal life, and vote for candidates who support policies that would make my loved ones' lives better.

Will my vote turn the state blue? Nope. But I'll know in my heart that I voted in an act of love.",Negative,Comment,https://www.reddit.com/r/Tennessee/comments/1g9yq2w/does_my_presidential_vote_matter/,1729646847.0,HomeWasGood
"Unfortunately how it's supposed to work is this:

You cast your vote for canidate A, and say 75% of the state does as well.. Then our representive in the elec college is supposed to vote for said Canidate A, but sadly that is not how the government works or how any voting system works.",Negative,Comment,https://www.reddit.com/r/Tennessee/comments/1g9yq2w/does_my_presidential_vote_matter/,1729646847.0,LunarStarr1990
"The South has switched parties multiple times in history. Once known as the “Solid South” the southern states only voted Democrat for a long time. Tennessee ultimately is a state of middle class working people, and the Republican Party has abandoned those people and the Democrats are becoming more in tune with those voters. These shifts take time but it’s happening.

A lot of the people in government work have Political Science degrees. They studied this. They know these party changes happen slowly but do happen and they are seeing what is happening now to the Republican Party. Some are warning that it could mean the end of the party altogether and the rise of a new political group. That being said, the people in the Republican Party are nervous. Your vote, even just as a protest vote, can make those people think twice about supporting someone like Donald Trump again. You may not can turn the state blue but you can help turn it away from the insanity we see now.

Please vote and vote early! I voted yesterday and it took less than 10 minutes and felt good.",Negative,Comment,https://www.reddit.com/r/Tennessee/comments/1g9yq2w/does_my_presidential_vote_matter/,1729646847.0,DDayDawg
They seen how bad it was and said nope,Negative,Comment,https://www.reddit.com/r/Tennessee/comments/1g9yq2w/does_my_presidential_vote_matter/,1729646847.0,Naive_Ad1466
"could I please get a source for the 11.8% number? i also saw that number but i could have sworn it was for the dollar value of the agricultural goods and you had said you didn't care about how much they make because you can't eat money, so I wanted to respect where you're coming from discussion wise :)",Positive,Comment,https://www.reddit.com/r/Tennessee/comments/1g9yq2w/does_my_presidential_vote_matter/,1729646847.0,No_Deer_3949
"Since there is such a need for healthcare in Clinton, the folks out there must be desperate to replace Randy McNally and elect someone to the state legislature to advocate for the expansion Medicaid, right?.... Right?!",Negative,Comment,https://www.knoxfocus.com/archives/the-daily-focus/free-healthcare-clinic-coming-to-clinton-tennessee-in-november-to-address-limited-access-to-care/,1729583783.0,elralpho
The poll worker where I vote (Knoxville) said the paper ballots can be fed into the machine either way. They will say wait for the waving American flag to show up & you're good. You feed them into the machine by yourself.,Positive,Comment,https://www.reddit.com/r/Tennessee/comments/1g91sgn/feeding_election_ballot_wrong_into_machine/,1729547185.0,Yourdeletedhistory
"If you find her and I hope you do, please find a trauma therapy program for her. She is exhibiting signs of past and ongoing trauma and probably won’t change her ways even if she comes back. It’s similar to addiction.

There are hospitals and treatment centers that can help process her issues and it also shows the courts she is trying. ( make sure you really vet these places, some are horrible)
The Meadows in AZ is a great place that has teen programs and Integrative Life Center in Nashville is also good and both take insurance. 

Good luck to you and don’t forget to take care of yourself too. I’m really hoping you get her back, please keep us updated. You’re a wonderful big sister.💕",Positive,Comment,https://i.redd.it/pzlimohb9xvd1.jpeg,1729434712.0,swimmerkim
"But yes, I’ve been meaning to contact one of the election integrity hotlines or whatever but I haven’t even found enough energy to care lately.  I’m not sure what the deal is, there was a young African American guy behind me who said he was a first time voter and he just watched the scene shocked as well.   I was in there a few minutes holding up the line unfortunately because they’re like oh we know you and your parents, blah blah you don’t live in the city. Ok why have I been voting in the city for going on 10 years, why is my address in the city? No answers except the eventually said I don’t own land in town, wow.  I couldn’t get a straight answer out of a single poll worker. I’m not sure what year they think it is in this country, a lot of people are acting like it’s 100 years ago",Negative,Comment,https://i.redd.it/q5toym0spqvd1.jpeg,1729355594.0,dishyssoisse
"I think you should ask his lawyers if it was stolen because they all said otherwise in court many times. 

You’ve fallen for conservative propaganda hook, line, and sinker. What a good little soldier for Dementia Don. While your guy is shitting himself on stage and you’re  wishing you could be there to smell it, I’ll be criticizing Democrats for their shortcomings. I genuinely hope that someday you look back on this point in your life and realize how wrong you were.",Positive,Comment,https://i.redd.it/q5toym0spqvd1.jpeg,1729355594.0,ThundrWolf
"The article is really interesting. The lady running the place was able to calm everyone down. 

“Elder said once the group realized that FEMA wasn’t taking those donations, and that the command center was run by volunteers, they left and surprisingly returned later with supplies to donate.”",Positive,Comment,https://thehill.com/homenews/4936262-fema-threatened-armed-group-tennessee/,1729336936.0,BryanP1968
"I grew up in Chattanooga, and I have to say I met so many cruel Christians, that I think it might be a feature, not a bug. These assholes showing up with guns to harass volunteers, proud boys marching in Nashville, the behavior or the state legislature after school shootings, and I guarantee you they will all tell you how much they love Jesus, and trump.
Where are the good people of Tennessee? We know they’re there - are they just afraid of losing friends, or customers, if they stand up to this bullshit? Are there not enough to make a dent in all the hatred? I’ll never understand why a state full of so many good people is always in the news for acting a fool.",Positive,Comment,https://thehill.com/homenews/4936262-fema-threatened-armed-group-tennessee/,1729336936.0,Stickfigurewisdom
Arm fema and let them actually help the good people not bent on revenge for their demagogue!,Positive,Comment,https://thehill.com/homenews/4936262-fema-threatened-armed-group-tennessee/,1729336936.0,Sign-Spiritual
These morons that believe all these crazy MAGA conspiracies about FEMA are going to hurt someone if this keeps up.,Negative,Comment,https://thehill.com/homenews/4936262-fema-threatened-armed-group-tennessee/,1729336936.0,Bitemynekk
"The fact they were armed seems incidental to the incident. In a natural disaster situation, I think most people would be carrying to protect themselves and their property from looters and the like. 

This group, per the article, came with a grievance, were reasoned with and then left peacefully. They even returned with aid. 

Focusing on them being armed is trying to sensationalize an aspect of the story in order to score some cheap gun control brownie points. Plus, I guarantee you that some gun-grabber in Congress will propose legislation to try and disarm people during natural disasters, using stories written like this.",Positive,Comment,https://thehill.com/homenews/4936262-fema-threatened-armed-group-tennessee/,1729336936.0,SuperDriver321
"I love that!  That is good news!, I’ve been so afraid that someone was going to get killed over this",Positive,Comment,https://thehill.com/homenews/4936262-fema-threatened-armed-group-tennessee/,1729336936.0,billiemarie
"When you have the Republican candidate for president, congressional representatives, and other leaders pushing the disinformation regularly on social media, it's not surprising that a lot of people buy into it.

Trump and MAGA Republicans are intentionally lying and hurting the relief work for the hurricanes, and deliberately putting aid workers in danger.",Negative,Comment,https://thehill.com/homenews/4936262-fema-threatened-armed-group-tennessee/,1729336936.0,Parahelix
"Wow, someone likes to paint in broad brush strokes! Hello, lots of religious folks are good people not brandishing guns at FEMA workers. And lots of irreligious folks are less than stellar people. So I don't think it's faith that's to blame, it's something more like propaganda and group psychology at work with these particular nutters.",Positive,Comment,https://thehill.com/homenews/4936262-fema-threatened-armed-group-tennessee/,1729336936.0,unheimliches-hygge
"A lot of this is reflective of punishment thinking re: the multiple steps the perp took to put themselves in said stand-off position; but it also is reinforced by passive structural thoughts that if roles were reversed no one would be helping you. 

I do understand it; lay in the bed you made, etc. I often catch myself on a bad day thinking this way in traffic. 

It takes more than any of us can imagine to change how people *think*, including their opinions of themselves in regards to how others would respond to them in similar scenarios. 

Boils down to “most men lead quiet lives of desperation”. Maintaining that level of empathy and compassion is exhausting, but necessary for a balanced life.",Negative,Comment,https://thehill.com/homenews/4936262-fema-threatened-armed-group-tennessee/,1729336936.0,Anal_Recidivist
"So that was an out of state firefighter. The issue at play was that there were numerous drones and aircraft operating in that airspace. All well meaning people, but it’s still a very hazardous situation. 

I understand WHY the firefighter said something to the helicopter pilot. I also understand why the pilot ignored him. Desperate times, desperate measures. 

But come on…..feds weren’t involved. No one got ‘blocked’. At worst, some firefighter threatened to call the cops or the FAA. 

Let’s be careful about the rumors we spread. This is what leads to FEMA personnel getting accosted by idiots who believe anything they read on Facebook or Reddit.",Negative,Comment,https://thehill.com/homenews/4936262-fema-threatened-armed-group-tennessee/,1729336936.0,flaginorout
"“[O]ur campaign is not a fight against something,” she said. “It is a fight for something. It is a fight for the fundamental principles upon which we were founded, It is a fight for a new generation of leadership that is optimistic about what we can achieve together—Republicans, Democrats, and independents who want to move past the politics of division and blame and get things done on behalf of the American people.

“[W]e are all here together this beautiful afternoon because we love our country…and we know the deep privilege and pride that comes with being an American and the duty that comes along with it…. Imperfect though we may be, America is still that ‘shining city upon a hill’ that inspires people around the world. And I do believe it is one of the highest forms of patriotism to fight for the ideals of our country.”

“So, to people from across Pennsylvania, and across our nation, let us together stand up for the rule of law, for our democratic ideals, and for the Constitution of the United States. And in twenty days, we have the power to chart a New Way Forward, one that is worthy of this magnificent country that we are all blessed to call home.” 

— Vice president Kamala Harris 10/16/24",Positive,Comment,https://i.redd.it/p10t6cl2b8vd1.jpeg,1729132636.0,Curious_Mastodon4795
"Yes.  Massive summary incoming.

Democrats:  SCOTUS rules on West Virginia v. EPA.  SCOTUS rules in favor of WV, saying the law doesn't explicitly say CO₂.  Democrats in Congress three weeks later pass 380 pages of new laws covering six greenhouse gases, 14,000 industries, and various legal entities (Federal, State, Indian lands, Trade zones, etc...) in complex terms to cover every single aspect of greenhouse gases the EPA needs to regulate all to ensure that SCOTUS can never say again that Congress didn't explicitly say so.  And they did all of that in three weeks.  Costed them a ton of concessions to the Republicans to get it done.

Republicans:  Tax Cut and Jobs Act of 2018.  Has to be passed on reconciliation rules, limited what can be done.  Obamacare isn't repealed, just the tax penalty for not having health insurance is set to $0.  But to pay for everything, like the corporate tax cuts, personal taxes must go up every year starting Jan. 1st, 2019 and the rate is based on inflation... (which they thought that wouldn't blow up on them and then COVID happened and inflation went through the roof, which in turn, because Congress tied tax increase to inflation, meant that tax rates for everyone went through the roof).  Also Democrats wanted to fix the tax cut but couldn't in the 2021-2022 Congress because Republicans in the Senate wouldn't allow a 2/3 majority (I mean they could have, but Republicans were asking pretty heavy tolls to fix their TCJA, like an actual appeal of Obamacare through and through with no replacement (side note: they said they would have a replacement just not right away and I can't trust them on that) and I can't go back to the per-exisiting conditions thing, that is a no go for me), and couldn't in 2023-2024 because Republicans in the House changed the rules on fixing it requiring line by line consideration (which line-by-line budgeting is impossible out of committee and explaining why that is is difficult, but imagine if you went grocery shopping and literally everything you put in the basket, before you put it in the basket you had to have a vote on it with everyone who lives with you.  It'd take some time to grocery shop.  Now imagine you do that fifteen minutes before dinner is due on the table or everyone is out of a job, er, I mean everyone get to yell at you for being hungry.  That's what line-by-line outside committee means in a very piss poor analogy but that's about as good as I can do it justice without this getting way longer).  So the broken system remains unfixed.

So yes, Republicans who have the House right now aren't wanting to fix the tax situation, in fact Republicans have indicated that they really want to literally do a [repeat of the same broken method in 2026](https://schweikert.house.gov/2024/06/14/republicans-prepare-to-fast-track-tax-cuts-in-reconciliation/).  I shit you not, they literally have looked at how broken the TCJA made it and was like ""Yeah, let's totally do that again!""

I mean, I love you bud.  But dang I can't abide by Republicans looking at the TCJA and thinking that it went off without a hitch and desire to do a repeat.  Just I mean I can't.  I've got to give the Democrats a try.  That did not go well and they need to know, nah, that did not go well.

So I'm glad you're open minded, all I can do is tell you why I voted Democrat down the ticket.  But I want you to vote however you feel best, but that's why I went blue.",Positive,Comment,https://i.redd.it/p10t6cl2b8vd1.jpeg,1729132636.0,IHeartBadCode
